"OBS: Candidaturas LGBT+ ao Legislativo, que disputaram as eleições de 2022, cadastradas na plataforma VoteLGBT. TOTAL = 319",,,,,,,
Link,TSE_UF,TSE NOME DE URNA,TSE N° URNA,TSE CARGO,TSE PARTIDO,RESULTADO,NÚMERO DE VOTOS
https://divulgacandcontas.tse.jus.br/divulga/#/candidato/2022/2040602022/AC/10001622769,AC, DRª MICHELLE MELO ,12555,Deputado Estadual,PDT,Eleito por QP,5.990
https://divulgacandcontas.tse.jus.br/divulga/#/candidato/2022/2040602022/AC/10001649410,AC, RUBBY RODRIGUES ,4055,Deputado Federal,PSB,Não eleito,512
https://divulgacandcontas.tse.jus.br/divulga/#/candidato/2022/2040602022/AL/20001653530,AL, BIANCA NUNES ,15015,Deputado Estadual,MDB,Suplente,1.058
https://divulgacandcontas.tse.jus.br/divulga/#/candidato/2022/2040602022/AL/20001612339,AL, ELIDA MIRANDA ,13500,Deputado Estadual,PT,Suplente,4.712
https://divulgacandcontas.tse.jus.br/divulga/#/candidato/2022/2040602022/AL/20001638578,AL,ALLISSINHA,70200,Deputado Estadual,AVANTE,Suplente,230
https://divulgacandcontas.tse.jus.br/divulga/#/candidato/2022/2040602022/AL/20001716678,AL ,HERIK DIAS,45800,Deputado Estadual,PSDB,Não eleito,234
https://divulgacandcontas.tse.jus.br/divulga/#/candidato/2022/2040602022/AM/40001633263,AM, FLORISMAR BANCADA AMAZÔNIDA ,13550,Deputado Estadual,PT,Suplente,1.669
https://divulgacandcontas.tse.jus.br/divulga/#/candidato/2022/2040602022/AM/40001726396,AM, DRA. KEZIA TAVARES ,50333,Deputado Estadual,PSOL,Não eleito,151
https://divulgacandcontas.tse.jus.br/divulga/#/candidato/2022/2040602022/AM/40001633256,AM,GABRIEL MOTA,65000,Deputado Estadual,PC do B,Suplente,3.288
https://divulgacandcontas.tse.jus.br/divulga/#/candidato/2022/2040602022/AM/40001719265,AM,MARÍLIA FREIRE,500,Senador,PSOL,Não eleito,28.557
https://divulgacandcontas.tse.jus.br/divulga/#/candidato/2022/2040602022/AP/30001605440,AP, EDEM JARDIM,15321,Deputado Estadual,MDB,Suplente,428
https://divulgacandcontas.tse.jus.br/divulga/#/candidato/2022/2040602022/AP/30001605458,AP, RAFAELA ESTEFFANS,1500,Deputado Federal,MDB,Suplente,853
https://divulgacandcontas.tse.jus.br/divulga/#/candidato/2022/2040602022/BA/50001615370,BA, DRA. ADRIANA CARDOSO,1909,Deputado Federal,PODE,Suplente,1.562
https://divulgacandcontas.tse.jus.br/divulga/#/candidato/2022/2040602022/BA/50001620952,BA, ANDERSON ROCHA,12888,Deputado Estadual,PDT,Suplente,1.051
https://divulgacandcontas.tse.jus.br/divulga/#/candidato/2022/2040602022/BA/50001600617,BA, NEGA VAN PSOL,50777,Deputado Estadual,PSOL,Suplente,1.548
https://divulgacandcontas.tse.jus.br/divulga/#/candidato/2022/2040602022/BA/50001605377,BA, CAMILA PARKER,4324,Deputado Federal,PV,Suplente,615
https://divulgacandcontas.tse.jus.br/divulga/#/candidato/2022/2040602022/BA/50001600554,BA, CAROL LIMA,5018,Deputado Federal,PSOL,Não eleito,3.343
https://divulgacandcontas.tse.jus.br/divulga/#/candidato/2022/2040602022/BA/50001600583,BA, DANILO SANTANA COLETIVO RAÍZES,5003,Deputado Federal,PSOL,Não eleito,1.959
https://divulgacandcontas.tse.jus.br/divulga/#/candidato/2022/2040602022/BA/50001600621,BA, GLEIDE DAVIS,50113,Deputado Estadual,PSOL,Suplente,3.321
https://divulgacandcontas.tse.jus.br/divulga/#/candidato/2022/2040602022/BA/50001600565,BA, LAINA CRISÓSTOMO,5013,Deputado Federal,PSOL,Não eleito,6.778
https://divulgacandcontas.tse.jus.br/divulga/#/candidato/2022/2040602022/BA/50001717858,BA, MARIA FERNANDA ,9024,Deputado Federal,PROS,Não eleito,133
https://divulgacandcontas.tse.jus.br/divulga/#/candidato/2022/2040602022/BA/50001605356,BA, MARIA MARIGHELLA,1331,Deputado Federal,PT,Suplente,53.364
https://divulgacandcontas.tse.jus.br/divulga/#/candidato/2022/2040602022/BA/50001620916,BA, ROSY SILVA ,12224,Deputado Estadual,PDT,Suplente,902
https://divulgacandcontas.tse.jus.br/divulga/#/candidato/2022/2040602022/BA/50001600605,BA, VÂNIA COLETIVO CAMINHOS,50074,Deputado Estadual,PSOL,Suplente,596
https://divulgacandcontas.tse.jus.br/divulga/#/candidato/2022/2040602022/BA/50001605376,BA, VILMA REIS,1303,Deputado Federal,PT,Suplente,60.949
https://divulgacandcontas.tse.jus.br/divulga/#/candidato/2022/2040602022/BA/50001606391,BA, JÉSSICA SILVA ,65111,Deputado Estadual,PC do B,Suplente,3.054
https://divulgacandcontas.tse.jus.br/divulga/#/candidato/2022/2040602022/BA/50001605970,BA,DRA. FABÍOLA MANSUR ,40040,Deputado Estadual,PSB,Suplente,58.064
https://divulgacandcontas.tse.jus.br/divulga/#/candidato/2022/2040602022/BA/50001620878,BA,LEO KRET,1224,Deputado Federal,PDT,Suplente,9.012
https://divulgacandcontas.tse.jus.br/divulga/#/candidato/2022/2040602022/CE/60001613097,CE, ADRIANA GERONIMO ,50777,Deputado Estadual,PSOL,Suplente,14.577
https://divulgacandcontas.tse.jus.br/divulga/#/candidato/2022/2040602022/CE/60001613070,CE, AILTON LOPES ,5050,Deputado Federal,PSOL,Não eleito,16.052
https://divulgacandcontas.tse.jus.br/divulga/#/candidato/2022/2040602022/CE/60001633669,CE, PRETA KAROL ,13138,Deputado Estadual,PT,Suplente,1.541
https://divulgacandcontas.tse.jus.br/divulga/#/candidato/2022/2040602022/CE/60001613071,CE, ANNA KARINA VOZES FEMINISTAS ,5005,Deputado Federal,PSOL,Não eleito,9.512
https://divulgacandcontas.tse.jus.br/divulga/#/candidato/2022/2040602022/CE/60001613079,CE, LÍDIA DO BORA DE RUMA ,5044,Deputado Federal,PSOL,Não eleito,7.072
https://divulgacandcontas.tse.jus.br/divulga/#/candidato/2022/2040602022/CE/60001633651,CE, LUANA VALIM ,13220,Deputado Estadual,PT,Suplente,1.856
https://divulgacandcontas.tse.jus.br/divulga/#/candidato/2022/2040602022/CE/60001633660,CE, MARI LACERDA ,13131,Deputado Estadual,PT,Suplente,15.453
https://divulgacandcontas.tse.jus.br/divulga/#/candidato/2022/2040602022/CE/60001613077,CE, MAYA ELIZ ,5007,Deputado Federal,PSOL,Não eleito,4.111
https://divulgacandcontas.tse.jus.br/divulga/#/candidato/2022/2040602022/CE/60001719179 ,CE, PAULO ANACÉ ,5020,Deputado Federal,PSOL,Não eleito,1.166
https://divulgacandcontas.tse.jus.br/divulga/#/candidato/2022/2040602022/CE/60001619106,CE, RAMON NOBRE ,90009,Deputado Estadual,PROS,Não eleito,161
https://divulgacandcontas.tse.jus.br/divulga/#/candidato/2022/2040602022/CE/60001634340,CE, SUED CARVALHO ,8080,Deputado Federal,UP,Não eleito,2.140
https://divulgacandcontas.tse.jus.br/divulga/#/candidato/2022/2040602022/DF/70001601774,DF, SUSANA XAVIER - DONAS ,50000,Deputado Distrital,PSOL,Suplente,901
https://divulgacandcontas.tse.jus.br/divulga/#/candidato/2022/2040602022/DF/70001636644,DF, PROFESSOR CRISTIANO ,4067,Deputado Federal,PSB,Não eleito,595
https://divulgacandcontas.tse.jus.br/divulga/#/candidato/2022/2040602022/DF/70001601743,DF, DANI SANCHEZ,5000,Deputado Federal,PSOL,Não eleito,8.958
https://divulgacandcontas.tse.jus.br/divulga/#/candidato/2022/2040602022/DF/70001601775,DF, DERSON MAIIA ,50013,Deputado Distrital,PSOL,Suplente,564
https://divulgacandcontas.tse.jus.br/divulga/#/candidato/2022/2040602022/DF/70001601758,DF, FÁBIO FELIX ,50123,Deputado Distrital,PSOL,Eleito por QP,51.792
https://divulgacandcontas.tse.jus.br/divulga/#/candidato/2022/2040602022/DF/70001649964,DF, GABY SANTOS ,12321,Deputado Distrital,PDT,Não eleito,528
https://divulgacandcontas.tse.jus.br/divulga/#/candidato/2022/2040602022/DF/70001601762,DF, PROFESSOR GUI SOUSA,18000,Deputado Distrital,REDE,Suplente,987
https://divulgacandcontas.tse.jus.br/divulga/#/candidato/2022/2040602022/DF/70001596091,DF, COLETIVA SOMOS HELLEN FRIDA ,13180,Deputado Distrital,PT,Suplente,7.626
https://divulgacandcontas.tse.jus.br/divulga/#/candidato/2022/2040602022/DF/70001601748,DF, MIRANDA COLETIVA AFROINDÍGENA,1881,Deputado Federal,REDE,Não eleito,1.318
https://divulgacandcontas.tse.jus.br/divulga/#/candidato/2022/2040602022/DF/70001653682,DF, KYARA ZARUTY ,35100,Deputado Distrital,PMB,Não eleito,6
https://divulgacandcontas.tse.jus.br/divulga/#/candidato/2022/2040602022/DF/70001636083,DF, LUCAS LUZ ,40022,Deputado Distrital,PSB,Suplente,535
https://divulgacandcontas.tse.jus.br/divulga/#/candidato/2022/2040602022/DF/70001601746,DF, MADU MULHERES DE TODAS LUTAS ,5088,Deputado Federal,PSOL,Não eleito,2.202
https://divulgacandcontas.tse.jus.br/divulga/#/candidato/2022/2040602022/DF/70001713405,DF, MARI VALENTIM ,2324,Deputado Federal,CIDADANIA,Não eleito,1.058
https://divulgacandcontas.tse.jus.br/divulga/#/candidato/2022/2040602022/DF/70001636642,DF, PAULA BENETT ,4000,Deputado Federal,PSB,Não eleito,1.464
https://divulgacandcontas.tse.jus.br/divulga/#/candidato/2022/2040602022/DF/70001595677,DF, RUTH VENCEREMOS,1361,Deputado Federal,PT,Suplente,31.538
https://divulgacandcontas.tse.jus.br/divulga/#/candidato/2022/2040602022/DF/70001601756,DF, TALITA VICTOR ,50044,Deputado Distrital,PSOL,Suplente,4.865
https://divulgacandcontas.tse.jus.br/divulga/#/candidato/2022/2040602022/DF/70001643996,DF,ALEXANDRE LIRA ,77777,Deputado Distrital,SOLIDARIEDADE,Não eleito,170
https://divulgacandcontas.tse.jus.br/divulga/#/candidato/2022/2040602022/DF/70001636645,DF,PROFESSOR ISRAEL ,4077,Deputado Federal,PSB,Não eleito,40.885
https://divulgacandcontas.tse.jus.br/divulga/#/candidato/2022/2040602022/DF/70001596093,DF, PROF LÊDA COLETIVE CHÃO ,13000,Deputado Distrital,PT,Suplente,4.894
https://divulgacandcontas.tse.jus.br/divulga/#/candidato/2022/2040602022/DF/70001601767,DF,MANDATA FEMINISTA BEM VIVER BE,50999,Deputado Distrital,PSOL,Suplente,3.143
https://divulgacandcontas.tse.jus.br/divulga/#/candidato/2022/2040602022/ES/80001621158,ES, BARBARAH BRASIL ,40106,Deputado Estadual,PSB,Suplente,299
https://divulgacandcontas.tse.jus.br/divulga/#/candidato/2022/2040602022/ES/80001611838,ES, ANE HALAMA ,5001,Deputado Federal,PSOL,Não eleito,2.017
https://divulgacandcontas.tse.jus.br/divulga/#/candidato/2022/2040602022/ES/80001719420,ES,IVO COLETIVA RAÇA E CLASSE,1333,Deputado Federal,PT,Suplente,5.756
https://divulgacandcontas.tse.jus.br/divulga/#/candidato/2022/2040602022/ES/80001620972,ES,MULHERES DE TODAS AS LUTAS,4001,Deputado Federal,PSB,Suplente,2.350
https://divulgacandcontas.tse.jus.br/divulga/#/candidato/2022/2040602022/ES/80001610768,ES,RAFAELLA MACHADO ,500,Senador (1º suplente),PSOL,Não eleito,20.138
https://divulgacandcontas.tse.jus.br/divulga/#/candidato/2022/2040602022/ES/80001611188,ES, SANDRINHA OLIVEIRA JUNTAS ,50013,Deputado Estadual,PSOL,Suplente,451
https://divulgacandcontas.tse.jus.br/divulga/#/candidato/2022/2040602022/ES/80001611205,ES,MONICA ALVES,50010,Deputado Estadual,PSOL,Suplente,581
https://divulgacandcontas.tse.jus.br/divulga/#/candidato/2022/2040602022/ES/80001720047,ES,WALDIR PIRES,12096,Deputado Estadual,PDT,Suplente,303
https://divulgacandcontas.tse.jus.br/divulga/#/candidato/2022/2040602022/GO/90001648108,GO, ARIEL LUZ ,1330,Deputado Federal,PT,Suplente,2.021
https://divulgacandcontas.tse.jus.br/divulga/#/candidato/2022/2040602022/GO/90001675421,GO, ARTHUR RAMOS ,2121,Deputado Federal,PCB,Não eleito,959
https://divulgacandcontas.tse.jus.br/divulga/#/candidato/2022/2040602022/GO/90001675308,GO, BARBARA BOMBOM ,50024,Deputado Estadual,PSOL,Não eleito,1.150
https://divulgacandcontas.tse.jus.br/divulga/#/candidato/2022/2040602022/GO/90001649529,GO, FABRÍCIO ROSA ,13200,Deputado Estadual,PT,Suplente,20.432
https://divulgacandcontas.tse.jus.br/divulga/#/candidato/2022/2040602022/GO/90001614061,GO, ILLANA MATTOS ,2034,Deputado Federal,PSC,Suplente,363
https://divulgacandcontas.tse.jus.br/divulga/#/candidato/2022/2040602022/GO/90001648118,GO, ISABEL CRISTINE ,1307,Deputado Federal,PT,Suplente,898
https://divulgacandcontas.tse.jus.br/divulga/#/candidato/2022/2040602022/GO/90001647438,GO, JÚNIOR PINHEIRO ,45745,Deputado Estadual,PSDB,Suplente,273
https://divulgacandcontas.tse.jus.br/divulga/#/candidato/2022/2040602022/GO/90001621635,GO, MATHEUS RIBEIRO ,4555,Deputado Federal,PSDB,Suplente,46.961
https://divulgacandcontas.tse.jus.br/divulga/#/candidato/2022/2040602022/GO/90001675162,GO,MARCO AURELIO,5024,Deputado Federal,PSOL,Não eleito,265
https://divulgacandcontas.tse.jus.br/divulga/#/candidato/2022/2040602022/GO/90001647407,GO, MARCELO GOMES ,45700,Deputado Estadual,PSDB,Suplente,136
https://divulgacandcontas.tse.jus.br/divulga/#/candidato/2022/2040602022/GO/90001732912,GO,WANESSA BELTRÃO,13444,Deputado Estadual,PT,Suplente,374
https://divulgacandcontas.tse.jus.br/divulga/#/candidato/2022/2040602022/MA/100001613727,MA, PAULO ROMÃO ,13613,Deputado Estadual,PT,Suplente,749
https://divulgacandcontas.tse.jus.br/divulga/#/candidato/2022/2040602022/MA/100001601133,MA, RAISSA MENDONÇA ,1277,Deputado Federal,PDT,Suplente,2.047
https://divulgacandcontas.tse.jus.br/divulga/#/candidato/2022/2040602022/MA/100001713953,MA, CADU MARQUES ,50513,Deputado Estadual,PSOL,Não eleito,1.417
https://divulgacandcontas.tse.jus.br/divulga/#/candidato/2022/2040602022/MA/100001613737,MA ,CHICO COLETIVO GUARNICÊ,13400,Deputado Estadual,PT,Suplente,14.296
https://divulgacandcontas.tse.jus.br/divulga/#/candidato/2022/2040602022/MA/100001607066,MA,PROF ADROALDO COLETIVO VAMOS,40100,Deputado Estadual,PSB,Suplente,2.046
https://divulgacandcontas.tse.jus.br/divulga/#/candidato/2022/2040602022/MG/130001615236,MG, ALAN RODRIGUES ,50777,Deputado Estadual,PSOL,Suplente,1.068
https://divulgacandcontas.tse.jus.br/divulga/#/candidato/2022/2040602022/MG/130001607245,MG, CRISTINA DEL PAPA ,1317,Deputado Federal,PT,Suplente,4.763
https://divulgacandcontas.tse.jus.br/divulga/#/candidato/2022/2040602022/MG/130001607369,MG, DANDARA ,13777,Deputado Estadual,PT,Suplente,18.624
https://divulgacandcontas.tse.jus.br/divulga/#/candidato/2022/2040602022/MG/130001607401,MG, DANIEL CABRAL ,65000,Deputado Estadual,PC do B,Suplente,8.100
https://divulgacandcontas.tse.jus.br/divulga/#/candidato/2022/2040602022/MG/130001615068,MG, DUDA DAS CADEIRAS ,21210,Deputado Estadual,PCB,Não eleito,2.746
https://divulgacandcontas.tse.jus.br/divulga/#/candidato/2022/2040602022/MG/130001607432,MG, EDINALDO SOARES ,13111,Deputado Estadual,PT,Suplente,3.616
https://divulgacandcontas.tse.jus.br/divulga/#/candidato/2022/2040602022/MG/130001615175,MG, GIZA ALEXANDRE ,5046,Deputado Federal,PSOL,Suplente,1.066
https://divulgacandcontas.tse.jus.br/divulga/#/candidato/2022/2040602022/MG/130001606754,MG, GREGORY RODRIGUES ,12457,Deputado Estadual,PDT,Suplente,610
https://divulgacandcontas.tse.jus.br/divulga/#/candidato/2022/2040602022/MG/130001615280,MG, BELLA GONÇALVES ,50500,Deputado Estadual,PSOL,Eleito por QP,43.768
https://divulgacandcontas.tse.jus.br/divulga/#/candidato/2022/2040602022/MG/130001678198,MG, ISAÍAS MARTINS ,15678,Deputado Estadual,MDB,Suplente,4.982
https://divulgacandcontas.tse.jus.br/divulga/#/candidato/2022/2040602022/MG/130001615181,MG, IZA LOURENÇA ,5000,Deputado Federal,PSOL,Suplente,51.304
https://divulgacandcontas.tse.jus.br/divulga/#/candidato/2022/2040602022/MG/130001615233,MG, LAUANA JUHLIA TAINA ,50111,Deputado Estadual,PSOL,Suplente,12.442
https://divulgacandcontas.tse.jus.br/divulga/#/candidato/2022/2040602022/MG/130001615271,MG, KÊNIA RIBEIRO ,50444,Deputado Estadual,PSOL,Suplente,558
https://divulgacandcontas.tse.jus.br/divulga/#/candidato/2022/2040602022/MG/130001607374,MG, KÉSLEY A ATREVIDA ,13038,Deputado Estadual,PT,Suplente,1.521
https://divulgacandcontas.tse.jus.br/divulga/#/candidato/2022/2040602022/MG/130001615079,MG, LÍVIA FLOR ,2135,Deputado Federal,PCB,Não eleito,856
https://divulgacandcontas.tse.jus.br/divulga/#/candidato/2022/2040602022/MG/130001607278,MG, CIÇA ,1322,Deputado Federal,PT,Suplente,5.902
https://divulgacandcontas.tse.jus.br/divulga/#/candidato/2022/2040602022/MG/130001612987,MG, NEILA SCHINEIDER ,7741,Deputado Federal,SOLIDARIEDADE,Suplente,254
https://divulgacandcontas.tse.jus.br/divulga/#/candidato/2022/2040602022/MG/130001615080,MG, ESPAGUETE ,2117,Deputado Federal,PCB,Não eleito,1.957
https://divulgacandcontas.tse.jus.br/divulga/#/candidato/2022/2040602022/MG/130001615093,MG, SARA AZEVEDO ,500,Senador,PSOL,Não eleito,113.304
https://divulgacandcontas.tse.jus.br/divulga/#/candidato/2022/2040602022/MG/130001613138,MG, VINÍCIUS VINISIM ,40444,Deputado Estadual,PSB,Suplente,1.002
https://divulgacandcontas.tse.jus.br/divulga/#/candidato/2022/2040602022/MG/130001615238,MG, COLETIVAS VOZES GERAIS/WALLACE ,50034,Deputado Estadual,PSOL,Suplente,1.710
https://divulgacandcontas.tse.jus.br/divulga/#/candidato/2022/2040602022/MG/130001606697,MG, DUDA SALABERT ,1212,Deputado Federal,PDT,Eleito por QP,208.332
https://divulgacandcontas.tse.jus.br/divulga/#/candidato/2022/2040602022/MG/130001613347,MG, JULIANA SALES ,2300,Deputado Federal,CIDADANIA,Suplente,5.487
https://divulgacandcontas.tse.jus.br/divulga/#/candidato/2022/2040602022/MG/130001607255,MG,GUSTAVO MENDES,1340,Deputado Federal,PT,Suplente,18.634
https://divulgacandcontas.tse.jus.br/divulga/#/candidato/2022/2040602022/MG/130001615215,MG,MARIA DA CONSOLAÇÃO,50888,Deputado Estadual,PSOL,Suplente,7.793
https://divulgacandcontas.tse.jus.br/divulga/#/candidato/2022/2040602022/MG/130001606736,MG,EDIMAR FERREIRA,12888,Deputado Estadual,PDT,Suplente,519
https://divulgacandcontas.tse.jus.br/divulga/#/candidato/2022/2040602022/MG/130001613022,MG,FLÁVIA GONTIJO,77122,Deputado Estadual,SOLIDARIEDADE,Suplente,1.125
https://divulgacandcontas.tse.jus.br/divulga/#/candidato/2022/2040602022/MG/130001607389,MG,RODRIGO LEITE,13555,Deputado Estadual,PT,Suplente,7.866
https://divulgacandcontas.tse.jus.br/divulga/#/candidato/2022/2040602022/MG/130001607373,MG,GISELE DA SAÚDE,13192,Deputado Estadual,PT,Suplente,1.316
https://divulgacandcontas.tse.jus.br/divulga/#/candidato/2022/2040602022/MG/130001615069,MG,BRUNO MAROTA,21212,Deputado Estadual,PCB,Não eleito,1.979
https://divulgacandcontas.tse.jus.br/divulga/#/candidato/2022/2040602022/MG/130001607270,MG,DANDARA,1334,Deputado Federal,PT,Eleito por QP,86.034
https://divulgacandcontas.tse.jus.br/divulga/#/candidato/2022/2040602022/MS/120001598297,MS, FRANKLIN ,5050,Deputado Federal,PSOL,Não eleito,4.045
https://divulgacandcontas.tse.jus.br/divulga/#/candidato/2022/2040602022/MS/120001652326,MS, GLAUBER PORTMAN ,65024,Deputado Estadual,PC do B,Suplente,602
https://divulgacandcontas.tse.jus.br/divulga/#/candidato/2022/2040602022/MS/120001606660,MS, JEAN FERREIRA ,12067,Deputado Estadual,PDT,Suplente,3.643
https://divulgacandcontas.tse.jus.br/divulga/#/candidato/2022/2040602022/MS/120001613607,MS, KARLA MELO COLETIVO SOMOS ,45345,Deputado Estadual,PSDB,Suplente,628
https://divulgacandcontas.tse.jus.br/divulga/#/candidato/2022/2040602022/MS/120001606667,MS, BRUNA RIQUELME COLETIVO ,12222,Deputado Estadual,PDT,Suplente,366
https://divulgacandcontas.tse.jus.br/divulga/#/candidato/2022/2040602022/MS/120001606665,MS, LUARA DO AXÉ ,12180,Deputado Estadual,PDT,Suplente,273
https://divulgacandcontas.tse.jus.br/divulga/#/candidato/2022/2040602022/MT/110001608772,MT, JULIAN TACANÃ ,5005,Deputado Federal,PSOL,Não eleito,759
https://divulgacandcontas.tse.jus.br/divulga/#/candidato/2022/2040602022/MT/110001655601,MT, VALKIRIA BRANDÃO ,23555,Deputado Estadual,CIDADANIA,Suplente,428
https://divulgacandcontas.tse.jus.br/divulga/#/candidato/2022/2040602022/MT/110001719788,MT, PROFA GRACIELE ,13613,Deputado Estadual,PT,Suplente,7.580
https://divulgacandcontas.tse.jus.br/divulga/#/candidato/2022/2040602022/MT/110001724934,MT, THIAGUINHO ,4040,Deputado Federal,PSB,Não eleito,1.564
https://divulgacandcontas.tse.jus.br/divulga/#/candidato/2022/2040602022/PA/140001651017,PA, BÁRBARA PASTANA ,50024,Deputado Estadual,PSOL,Suplente,992
https://divulgacandcontas.tse.jus.br/divulga/#/candidato/2022/2040602022/PA/140001676602,PA, BIA CAMINHA ,13613,Deputado Estadual,PT,Suplente,16.232
https://divulgacandcontas.tse.jus.br/divulga/#/candidato/2022/2040602022/PA/140001621063,PA, ENDELL MENEZES ,12001,Deputado Estadual,PDT,Suplente,2.403
https://divulgacandcontas.tse.jus.br/divulga/#/candidato/2022/2040602022/PA/140001676615,PA, JADE LEÃO ,13310,Deputado Estadual,PT,Suplente,6.551
https://divulgacandcontas.tse.jus.br/divulga/#/candidato/2022/2040602022/PA/140001651020,PA, MADALENA DANI TODAS AS VOZES ,50777,Deputado Estadual,PSOL,Suplente,1.682
https://divulgacandcontas.tse.jus.br/divulga/#/candidato/2022/2040602022/PA/140001650331,PA,VIVI REIS ,5000,Deputado Federal,PSOL,Não eleito,53.353
https://divulgacandcontas.tse.jus.br/divulga/#/candidato/2022/2040602022/PA/140001620898,PA,PROFESSOR EDSON JUNIOR,1369,Deputado Federal,PT,Suplente,3.105
https://divulgacandcontas.tse.jus.br/divulga/#/candidato/2022/2040602022/PA/140001676892,PA,DIVERSIDADE E INCLUSÃO IRNA,15016,Deputado Estadual,MDB,Suplente,1.865
https://divulgacandcontas.tse.jus.br/divulga/#/candidato/2022/2040602022/PB/150001621663,PB, ALEXANDRE KENNEDY ,40555,Deputado Estadual,PSB,Suplente,873
https://divulgacandcontas.tse.jus.br/divulga/#/candidato/2022/2040602022/PB/150001619530,PB, ESTELA BEZERRA ,1313,Deputado Federal,PT,Suplente,44.788
https://divulgacandcontas.tse.jus.br/divulga/#/candidato/2022/2040602022/PB/150001621573,PB," JOSI ""É NOIS A MUDANÇA"" ",50055,Deputado Estadual,PSOL,Suplente,1.285
https://divulgacandcontas.tse.jus.br/divulga/#/candidato/2022/2040602022/PB/150001643183,PB, PROFESSORA ANA CÉLIA ,13111,Deputado Estadual,PT,Suplente,1.684
https://divulgacandcontas.tse.jus.br/divulga/#/candidato/2022/2040602022/PB/150001621383,PB,NICOLE D'LAMARCK,45321,Deputado Estadual,PSDB,Suplente,360
https://divulgacandcontas.tse.jus.br/divulga/#/candidato/2022/2040602022/PE/170001618407,PE, ALEXANDRE PIRES ,50013,Deputado Estadual,PSOL,Suplente,4.684
https://divulgacandcontas.tse.jus.br/divulga/#/candidato/2022/2040602022/PE/170001619589,PE, DÉBORA PRETAS JUNTAS ,1850,Deputado Federal,REDE,Suplente,1.439
https://divulgacandcontas.tse.jus.br/divulga/#/candidato/2022/2040602022/PE/170001618396,PE, MÃE ANDREIA DA DIVERSAS ,50300,Deputado Estadual,PSOL,Suplente,615
https://divulgacandcontas.tse.jus.br/divulga/#/candidato/2022/2040602022/PE/170001608963,PE, FLÁVIA HELLEN ,13180,Deputado Estadual,PT,Suplente,7.975
https://divulgacandcontas.tse.jus.br/divulga/#/candidato/2022/2040602022/PE/170001619586,PE, JANIELLY AZEVEDO ,5088,Deputado Federal,PSOL,Suplente,1.773
https://divulgacandcontas.tse.jus.br/divulga/#/candidato/2022/2040602022/PE/170001619594,PE, ENFERMEIRO JHON ,5025,Deputado Federal,PSOL,Suplente,1.743
https://divulgacandcontas.tse.jus.br/divulga/#/candidato/2022/2040602022/PE/170001618417,PE,JÔ DAS JUNTAS,50180,Deputado Estadual,PSOL,Suplente,15.410
https://divulgacandcontas.tse.jus.br/divulga/#/candidato/2022/2040602022/PE/170001619598,PE, LUIZA CAROLINA ,5044,Deputado Federal,PSOL,Suplente,1.058
https://divulgacandcontas.tse.jus.br/divulga/#/candidato/2022/2040602022/PE/170001618413,PE, MÔNICA COLETIVO ARCO-ÍRIS ,18222,Deputado Estadual,REDE,Suplente,130
https://divulgacandcontas.tse.jus.br/divulga/#/candidato/2022/2040602022/PE/170001619584,PE, ROBEYONCÉ ,5000,Deputado Federal,PSOL,Suplente,80.732
https://divulgacandcontas.tse.jus.br/divulga/#/candidato/2022/2040602022/PE/170001608960,PE, ROSA AMORIM ,13100,Deputado Estadual,PT,Eleito por QP,42.632
https://divulgacandcontas.tse.jus.br/divulga/#/candidato/2022/2040602022/PE/170001618416,PE, SYLVIA ,18180,Deputado Estadual,REDE,Suplente,3.988
https://divulgacandcontas.tse.jus.br/divulga/#/candidato/2022/2040602022/PE/170001715592 ,PE, VICTÓRIA PINHEIRO ,2121,Deputado Federal,PCB,Não eleito,2.576
https://divulgacandcontas.tse.jus.br/divulga/#/candidato/2022/2040602022/PE/170001608958,PE, VINICIUS CASTELLO ,13789,Deputado Estadual,PT,Suplente,22.713
https://divulgacandcontas.tse.jus.br/divulga/#/candidato/2022/2040602022/PE/170001608983 ,PE,FLOR DA COLETIVA,65100,Deputado Estadual,PC do B,Suplente,2.824
https://divulgacandcontas.tse.jus.br/divulga/#/candidato/2022/2040602022/PI/180001605672,PI, BEEL DA SILVA ,13013,Deputado Estadual,PT,Suplente,1.044
https://divulgacandcontas.tse.jus.br/divulga/#/candidato/2022/2040602022/PI/180001608992,PI, NAIRA MANDATA TRANSFEMINISTA ,50500,Deputado Estadual,PSOL,Não eleito,1.937
https://divulgacandcontas.tse.jus.br/divulga/#/candidato/2022/2040602022/PI/180001618286,PI,MARIANA BANCADA ANTIRRACISTA,5000,Deputado Federal,PSOL,Não eleito,2.542
https://divulgacandcontas.tse.jus.br/divulga/#/candidato/2022/2040602022/PR/160001621883,PR, DAVID ANTUNES ,40113,Deputado Estadual,PSB,Suplente,2.849
https://divulgacandcontas.tse.jus.br/divulga/#/candidato/2022/2040602022/PR/160001614993,PR, ANGELO COLETIVO DAS CULTURAS ,65013,Deputado Estadual,PC do B,Suplente,1.878
https://divulgacandcontas.tse.jus.br/divulga/#/candidato/2022/2040602022/PR/160001621884,PR, DIEGO XAVIER ,40313,Deputado Estadual,PSB,Suplente,2.130
https://divulgacandcontas.tse.jus.br/divulga/#/candidato/2022/2040602022/PR/160001615002,PR, GEORGE SOUZZA ,13100,Deputado Estadual,PT,Suplente,1.472
https://divulgacandcontas.tse.jus.br/divulga/#/candidato/2022/2040602022/PR/160001621833,PR, LUCAS SIQUEIRA ,4013,Deputado Federal,PSB,Suplente,4.178
https://divulgacandcontas.tse.jus.br/divulga/#/candidato/2022/2040602022/PR/160001614992,PR, MARGOT ,13600,Deputado Estadual,PT,Suplente,5.152
https://divulgacandcontas.tse.jus.br/divulga/#/candidato/2022/2040602022/PR/160001622680,PR, MATEUS RIBEIRO ,50777,Deputado Estadual,PSOL,Não eleito,387
https://divulgacandcontas.tse.jus.br/divulga/#/candidato/2022/2040602022/PR/160001622617,PR, RENATA BORGES ,1200,Deputado Federal,PDT,Não eleito,2.764
https://divulgacandcontas.tse.jus.br/divulga/#/candidato/2022/2040602022/PR/160001622681,PR, MAYRA KARVAT ,50587,Deputado Estadual,PSOL,Não eleito,531
https://divulgacandcontas.tse.jus.br/divulga/#/candidato/2022/2040602022/PR/160001622677,PR,PROFESSORA JULIA SILVEIRA,50555,Deputado Estadual,PSOL,Não eleito,1.433
https://divulgacandcontas.tse.jus.br/divulga/#/candidato/2022/2040602022/PR/160001622700 ,PR, GIOVANNA SILVEIRA ,50500,Deputado Estadual,PSOL,Não eleito,3.517
https://divulgacandcontas.tse.jus.br/divulga/#/candidato/2022/2040602022/PR/160001622693,PR, LUCAS CARDOSO ,18013,Deputado Estadual,REDE,Não eleito,407
https://divulgacandcontas.tse.jus.br/divulga/#/candidato/2022/2040602022/PR/160001615013,PR, LARISSA DO COLETIVIZANDO ,65613,Deputado Estadual,PC do B,Suplente,1.750
https://divulgacandcontas.tse.jus.br/divulga/#/candidato/2022/2040602022/PR/160001612413,PR, JOÃO GARCIA ,23143,Deputado Estadual,CIDADANIA,Suplente,202
https://divulgacandcontas.tse.jus.br/divulga/#/candidato/2022/2040602022/PR/160001614507,PR, JACQUE DA CASA DAS 13 MULHERES ,1366,Deputado Federal,PT,Suplente,3.718
https://divulgacandcontas.tse.jus.br/divulga/#/candidato/2022/2040602022/PR/160001622604,PR,PROFESSOR GEOVANE,1201,Deputado Federal,PDT ,Não eleito,582
https://divulgacandcontas.tse.jus.br/divulga/#/candidato/2022/2040602022/PR/160001623083,PR,PAOLA REIS,12100,Deputado Estadual,PDT,Suplente,395
https://divulgacandcontas.tse.jus.br/divulga/#/candidato/2022/2040602022/PR/160001614988,PR, GIORGIA PRATES - MANDATA PRETA ,13130,Deputado Estadual,PT,Suplente,3.106
https://divulgacandcontas.tse.jus.br/divulga/#/candidato/2022/2040602022/RJ/190001598396,RJ,ANDRÉA ARAUJO DTO. LGBT/ANIMAL,30303,Deputado Estadual,NOVO,Não eleito,2.120
https://divulgacandcontas.tse.jus.br/divulga/#/candidato/2022/2040602022/RJ/190001600490,RJ, ANDREA CASSA ,5023,Deputado Federal,PSOL,Suplente,1.756
https://divulgacandcontas.tse.jus.br/divulga/#/candidato/2022/2040602022/RJ/190001600432,RJ, ARILDO JUNIOR ,50200,Deputado Estadual,PSOL,Suplente,502
https://divulgacandcontas.tse.jus.br/divulga/#/candidato/2022/2040602022/RJ/190001619190,RJ, CAMILA MARINS ,1329,Deputado Federal,PT,Suplente,4.628
https://divulgacandcontas.tse.jus.br/divulga/#/candidato/2022/2040602022/RJ/190001620478,RJ, COSME FELIPPSEN ,13300,Deputado Estadual,PT,Suplente,273
https://divulgacandcontas.tse.jus.br/divulga/#/candidato/2022/2040602022/RJ/190001620519,RJ, DANI BALBI ,65123,Deputado Estadual,PC do B,Eleito por QP,65.815
https://divulgacandcontas.tse.jus.br/divulga/#/candidato/2022/2040602022/RJ/190001620479,RJ, DARA SANT'ANNA ,13031,Deputado Estadual,PT,Suplente,6.967
https://divulgacandcontas.tse.jus.br/divulga/#/candidato/2022/2040602022/RJ/190001609765,RJ, GIOVANNA ALMEIDA ,80000,Deputado Estadual,UP,Não eleito,9.199
https://divulgacandcontas.tse.jus.br/divulga/#/candidato/2022/2040602022/RJ/190001619198,RJ, INDIANARAE SIQUEIRA ,1369,Deputado Federal,PT,Suplente,4.962
https://divulgacandcontas.tse.jus.br/divulga/#/candidato/2022/2040602022/RJ/190001620495,RJ, KAWAN LOPES ,13050,Deputado Estadual,PT,Suplente,2.997
https://divulgacandcontas.tse.jus.br/divulga/#/candidato/2022/2040602022/RJ/190001639150,RJ, PROF RENATO BATISTA ,40713,Deputado Estadual,PSB,Suplente,490
https://divulgacandcontas.tse.jus.br/divulga/#/candidato/2022/2040602022/RJ/190001645414,RJ, SOL MIRANDA ,4044,Deputado Federal,PSB,Suplente,11.427
https://divulgacandcontas.tse.jus.br/divulga/#/candidato/2022/2040602022/RJ/190001600424,RJ, YARITZA ,50069,Deputado Estadual,PSOL,Suplente,110
https://divulgacandcontas.tse.jus.br/divulga/#/candidato/2022/2040602022/RJ/190001600433,RJ, BENNY BRIOLLY ,50555,Deputado Estadual,PSOL,Suplente,25.150
https://divulgacandcontas.tse.jus.br/divulga/#/candidato/2022/2040602022/RJ/190001620483,RJ, CAROL QUINTANA ,13044,Deputado Estadual,PT,Suplente,4.600
https://divulgacandcontas.tse.jus.br/divulga/#/candidato/2022/2040602022/RJ/190001620466,RJ, VERÔNICA LIMA ,13580,Deputado Estadual,PT,Eleito por QP,55.738
https://divulgacandcontas.tse.jus.br/divulga/#/candidato/2022/2040602022/RJ/190001600442,RJ,JEFFERSON VINCO,50222,Deputado Estadual,PSOL,Suplente,8.380
https://divulgacandcontas.tse.jus.br/divulga/#/candidato/2022/2040602022/RJ/190001732307,RJ, FELIPE CARDOSO ,12023,Deputado Estadual,PDT,Suplente,80
https://divulgacandcontas.tse.jus.br/divulga/#/candidato/2022/2040602022/RJ/190001639123,RJ,RODRIGO FRANÇA,40575,Deputado Estadual,PSB,Suplente,731
https://divulgacandcontas.tse.jus.br/divulga/#/candidato/2022/2040602022/RJ/190001600439,RJ,ROSE CIPRIANO COLET. PERIFÉRICA,50800,Deputado Estadual,PSOL,Suplente,13.699
https://divulgacandcontas.tse.jus.br/divulga/#/candidato/2022/2040602022/RJ/190001600448,RJ,DANI MONTEIRO,50050,Deputado Estadual,PSOL,Eleito por QP,50.140
https://divulgacandcontas.tse.jus.br/divulga/#/candidato/2022/2040602022/RJ/190001654243,RJ, RENNAN CANTUARIA ,12321,Deputado Estadual,PDT,Suplente,678
https://divulgacandcontas.tse.jus.br/divulga/#/candidato/2022/2040602022/RN/200001612240,RN, PABLO AIRES ,4050,Deputado Federal,PSB,Não eleito,21.996
https://divulgacandcontas.tse.jus.br/divulga/#/candidato/2022/2040602022/RN/200001603632,RN, RAYANE ANDRADE,13111,Deputado Estadual,PT,Suplente,13.358
https://divulgacandcontas.tse.jus.br/divulga/#/candidato/2022/2040602022/RN/200001620344,RN, ROCHELLY POTIGUAR ,1288,Deputado Federal,PDT,Não eleito,359
https://divulgacandcontas.tse.jus.br/divulga/#/candidato/2022/2040602022/RN/200001603649,RN, SAMANDA ,1313,Deputado Federal,PT,Suplente,31.240
https://divulgacandcontas.tse.jus.br/divulga/#/candidato/2022/2040602022/RN/200001612241,RN, THABATTA PIMENTA ,4040,Deputado Federal,PSB,Não eleito,40.533
https://divulgacandcontas.tse.jus.br/divulga/#/candidato/2022/2040602022/RN/200001667828,RN,CAMILA DA JUNTAS,5050,Deputado Federal,PSOL,Não eleito,1.710
https://divulgacandcontas.tse.jus.br/divulga/#/candidato/2022/2040602022/RR/230001642281,RR, JACILDO BEZERRA ,23222,Deputado Estadual,CIDADANIA,Suplente,84
https://divulgacandcontas.tse.jus.br/divulga/#/candidato/2022/2040602022/RR/230001600116,RR, JHONATAN CALEL ,3522,Deputado Federal,PMB,Não eleito,221
https://divulgacandcontas.tse.jus.br/divulga/#/candidato/2022/2040602022/RS/210001610594,RS, ÁGATA MOSTARDEIRO ,13070,Deputado Estadual,PT,Suplente,3.226
https://divulgacandcontas.tse.jus.br/divulga/#/candidato/2022/2040602022/RS/210001598518,RS, ALICE CARVALHO ,50777,Deputado Estadual,PSOL,Suplente,9.350
https://divulgacandcontas.tse.jus.br/divulga/#/candidato/2022/2040602022/RS/210001621262,RS, ATENA ROVEDA ,1221,Deputado Federal,PDT,Suplente,2.862
https://divulgacandcontas.tse.jus.br/divulga/#/candidato/2022/2040602022/RS/210001596921,RS, ÉMERSON DA COSTA ,5025,Deputado Federal,PSOL,Suplente,2.706
https://divulgacandcontas.tse.jus.br/divulga/#/candidato/2022/2040602022/RS/210001610587,RS, ÌYÁ SANDRALI ,13777,Deputado Estadual,PT,Suplente,4.219
https://divulgacandcontas.tse.jus.br/divulga/#/candidato/2022/2040602022/RS/210001610628,RS, LINS ROBALO ,13444,Deputado Estadual,PT,Suplente,5.524
https://divulgacandcontas.tse.jus.br/divulga/#/candidato/2022/2040602022/RS/210001598511,RS, LUANA ROSA ,50800,Deputado Estadual,PSOL,Suplente,919
https://divulgacandcontas.tse.jus.br/divulga/#/candidato/2022/2040602022/RS/210001596937,RS, PALOMA DAUDT ,5051,Deputado Federal,PSOL,Suplente,708
https://divulgacandcontas.tse.jus.br/divulga/#/candidato/2022/2040602022/RS/210001620235,RS, ROGERIO CERATTI ,23777,Deputado Estadual,CIDADANIA,Suplente,2.292
https://divulgacandcontas.tse.jus.br/divulga/#/candidato/2022/2040602022/RS/210001610635,RS, PATRICIA LOUPEE ,13223,Deputado Estadual,PT,Suplente,120
https://divulgacandcontas.tse.jus.br/divulga/#/candidato/2022/2040602022/RS/210001598514,RS, VANTUIR EMERSON ,50250,Deputado Estadual,PSOL,Suplente,537
https://divulgacandcontas.tse.jus.br/divulga/#/candidato/2022/2040602022/RS/210001620050,RS, ÉDERSON FERREIRA ,4540,Deputado Federal,PSDB,Suplente,640
https://divulgacandcontas.tse.jus.br/divulga/#/candidato/2022/2040602022/RS/210001598512,RS, GIOVANNI FERRAZ ,50050,Deputado Estadual,PSOL,Suplente,1.159
https://divulgacandcontas.tse.jus.br/divulga/#/candidato/2022/2040602022/RS/210001604641,RS,DAIANA SANTOS,6565,Deputado Federal,PC do B,Eleito por média,88.107
https://divulgacandcontas.tse.jus.br/divulga/#/candidato/2022/2040602022/RS/210001597021,RS,JUAN SAVEDRA ,30030,Deputado Estadual,NOVO,Suplente,4.801
https://divulgacandcontas.tse.jus.br/divulga/#/candidato/2022/2040602022/RS/210001596929,RS,NATASHA ,5010,Deputado Federal,PSOL,Suplente,5.925
https://divulgacandcontas.tse.jus.br/divulga/#/candidato/2022/2040602022/RS/210001606009,RS,NIKAYA VIDOR,1616,Deputado Federal,PSTU,Não eleito,538
https://divulgacandcontas.tse.jus.br/divulga/#/candidato/2022/2040602022/RS/210001606117,RS,ANA RITA ,16016,Deputado Estadual,PSTU,Não eleito,668
https://divulgacandcontas.tse.jus.br/divulga/#/candidato/2022/2040602022/RS/210001614145,RS,JONATAS TEIXEIRA,77428,Deputado Estadual,SOLIDARIEDADE,Não eleito,51
https://divulgacandcontas.tse.jus.br/divulga/#/candidato/2022/2040602022/RS/210001596982,RS,LAÉRCIO ZANCAN - LALÁ,4003,Deputado Federal,PSB,Suplente,3.867
https://divulgacandcontas.tse.jus.br/divulga/#/candidato/2022/2040602022/RS/210001596938,RS,THAMYRES FILGUEIRA,5001,Deputado Federal,PSOL,Suplente,7.348
https://divulgacandcontas.tse.jus.br/divulga/#/candidato/2022/2040602022/RS/210001621266,RS,KELLY SILVA,1202,Deputado Estadual,PDT,Suplente,802
https://divulgacandcontas.tse.jus.br/divulga/#/candidato/2022/2040602022/RS/210001614117,RS,KAKÁ RIBEIRO,77756,Deputado Estadual,SOLIDARIEDADE,Não eleito,574
https://divulgacandcontas.tse.jus.br/divulga/#/candidato/2022/2040602022/RS/210001596939,RS,PATY REX ,5033,Deputado Federal,PSOL,Suplente,894
https://divulgacandcontas.tse.jus.br/divulga/#/candidato/2022/2040602022/RS/210001610600,RS,BRUNA E COLETIVO,65065,Deputado Estadual,PCdoB,Suplente,1.960
https://divulgacandcontas.tse.jus.br/divulga/#/candidato/2022/2040602022/SC/240001679655,SC, DANI COLETIVO JUVENTUDE LULA ,13013,Deputado Estadual,PT,Suplente,7.752
https://divulgacandcontas.tse.jus.br/divulga/#/candidato/2022/2040602022/SC/240001610046,SC, ALEX STEIN,50005,Deputado Estadual,PSOL,Suplente,761
https://divulgacandcontas.tse.jus.br/divulga/#/candidato/2022/2040602022/SC/240001645216,SC, CARLA AYRES ,1344,Deputado Federal,PT,Suplente,39.609
https://divulgacandcontas.tse.jus.br/divulga/#/candidato/2022/2040602022/SC/240001610054,SC, ERICK CARDOSO ,50022,Deputado Estadual,PSOL,Suplente,804
https://divulgacandcontas.tse.jus.br/divulga/#/candidato/2022/2040602022/SC/240001605927,SC, FRANCIEL BRITOS,15888,Deputado Estadual,MDB,Suplente,233
https://divulgacandcontas.tse.jus.br/divulga/#/candidato/2022/2040602022/SC/240001604512,SC, NEGA GRAZI ,4412,Deputado Federal,UNIÃO,Suplente,1.655
https://divulgacandcontas.tse.jus.br/divulga/#/candidato/2022/2040602022/SC/240001610059,SC, JAQUELINE PORTO ,50047,Deputado Estadual,PSOL,Suplente,145
https://divulgacandcontas.tse.jus.br/divulga/#/candidato/2022/2040602022/SC/240001679664,SC, JEAN VOLPATO ,13313,Deputado Estadual,PT,Suplente,12.499
https://divulgacandcontas.tse.jus.br/divulga/#/candidato/2022/2040602022/SC/240001610060,SC, JÉSSICA MICHELS ,50180,Deputado Estadual,PSOL,Suplente,2.613
https://divulgacandcontas.tse.jus.br/divulga/#/candidato/2022/2040602022/SC/240001610082,SC, CAMASÃO ,5050,Deputado Federal,PSOL,Não eleito,12.714
https://divulgacandcontas.tse.jus.br/divulga/#/candidato/2022/2040602022/SC/240001645214,SC, LIROUS ÁVILA ,1303,Deputado Federal,PT,Suplente,7.518
https://divulgacandcontas.tse.jus.br/divulga/#/candidato/2022/2040602022/SC/240001644419,SC, MARCIANO DA LIGA DE LUTAS ,12024,Deputado Estadual,PDT,Suplente,282
https://divulgacandcontas.tse.jus.br/divulga/#/candidato/2022/2040602022/SC/240001647260,SC, MARGARETH HERNANDES ,40400,Deputado Estadual,PSB,Não eleito,1.792
https://divulgacandcontas.tse.jus.br/divulga/#/candidato/2022/2040602022/SC/240001610071,SC, MATHEUS RODRIGUES ,50048,Deputado Estadual,PSOL,Suplente,415
https://divulgacandcontas.tse.jus.br/divulga/#/candidato/2022/2040602022/SC/240001644407,SC, PAULINHO ,12222,Deputado Estadual,PDT,Suplente,464
https://divulgacandcontas.tse.jus.br/divulga/#/candidato/2022/2040602022/SC/240001610052,SC,CÍNTIA MANDATA BEM VIVER,50999,Deputado Estadual,PSOL,Suplente,7.137
https://divulgacandcontas.tse.jus.br/divulga/#/candidato/2022/2040602022/SC/240001647338,SC, DIO ADELINO ,77123,Deputado Estadual,SOLIDARIEDADE,Não eleito,296
https://divulgacandcontas.tse.jus.br/divulga/#/candidato/2022/2040602022/SC/240001679629,SC, LARISSA STEPHANIE ,65180,Deputado Estadual,PC do B,Suplente,2.395
https://divulgacandcontas.tse.jus.br/divulga/#/candidato/2022/2040602022/SC/240001679649,SC,RAFAEL COLETIVO FELIZ DE NOVO ,13713,Deputado Estadual,PT,Suplente,1.047
https://divulgacandcontas.tse.jus.br/divulga/#/candidato/2022/2040602022/SC/240001732331,SC, JO DA COLETIVA REBELDIA ,1600,Deputado Federal,PSTU,Não eleito,424
https://divulgacandcontas.tse.jus.br/divulga/#/candidato/2022/2040602022/SC/240001645207,SC,GIOVANA MONDARDO,6565,Deputado Federal,PC do B,Suplente,38.862
https://divulgacandcontas.tse.jus.br/divulga/#/candidato/2022/2040602022/SC/240001644395,SC,JANA GUEDES,12555,Deputado Estadual,PDT,Suplente,3.984
https://divulgacandcontas.tse.jus.br/divulga/#/candidato/2022/2040602022/SC/240001604511,SC,MARIA FERNANDA SANTIAGO,4421,Deputado Federal,UNIÃO,Suplente,1.070
https://divulgacandcontas.tse.jus.br/divulga/#/candidato/2022/2040602022/SC/240001647245,SC,RAQUEL PECATTO,4050,Deputado Federal,PSB,Não eleito,507
https://divulgacandcontas.tse.jus.br/divulga/#/candidato/2022/2040602022/SE/260001636123,SE, GIGI POETISA ,50000,Deputado Estadual,PSOL,Suplente,762
https://divulgacandcontas.tse.jus.br/divulga/#/candidato/2022/2040602022/SE/260001636118,SE, LINDA BRASIL ,50180,Deputado Estadual,PSOL,Eleito por QP,28.704
https://divulgacandcontas.tse.jus.br/divulga/#/candidato/2022/2040602022/SE/260001618179,SE,ROSA REIS,1030,Deputado Federal,REPUBLICANOS,Suplente,289
https://divulgacandcontas.tse.jus.br/divulga/#/candidato/2022/2040602022/SE/260001632571,SE,JENNIFER BOMFIM ,8008,Deputado Federal,UP ,Não eleito,643
https://divulgacandcontas.tse.jus.br/divulga/#/candidato/2022/2040602022/SE/260001600225,SE,JESSICA FONSECA ,45023,Deputado Estadual,PSDB,Suplente,395
https://divulgacandcontas.tse.jus.br/divulga/#/candidato/2022/2040602022/SP/250001610030,SP, AGRIPINO MAGALHÃES JUNIOR ,15456,Deputado Estadual,MDB,Suplente,1.595
https://divulgacandcontas.tse.jus.br/divulga/#/candidato/2022/2040602022/SP/250001611761,SP, ALEXYA SALVADOR ,13013,Deputado Estadual,PT,Suplente,8.359
https://divulgacandcontas.tse.jus.br/divulga/#/candidato/2022/2040602022/SP/250001613775,SP, ALICE RIBEIRO ,5009,Deputado Federal,PSOL,Suplente,484
https://divulgacandcontas.tse.jus.br/divulga/#/candidato/2022/2040602022/SP/250001611762,SP, DEIA ZULU AFROFUTURISTA ,13500,Deputado Estadual,PT,Suplente,5.651
https://divulgacandcontas.tse.jus.br/divulga/#/candidato/2022/2040602022/SP/250001620254,SP, ARIADNA ARANTES ,4065,Deputado Federal,PSB,Suplente,4.885
https://divulgacandcontas.tse.jus.br/divulga/#/candidato/2022/2040602022/SP/250001619362,SP, DIDA COLETIVO EM TODAS LUTAS ,50013,Deputado Estadual,PSOL,Suplente,3.595
https://divulgacandcontas.tse.jus.br/divulga/#/candidato/2022/2040602022/SP/250001619328,SP, PAULA DA BANCADA FEMINISTA ,50000,Deputado Estadual,PSOL,Eleito por QP,259.771
https://divulgacandcontas.tse.jus.br/divulga/#/candidato/2022/2040602022/SP/250001619376,SP, CLAUDIA MONTANARI ,50001,Deputado Estadual,PSOL,Suplente,1.881
https://divulgacandcontas.tse.jus.br/divulga/#/candidato/2022/2040602022/SP/250001643629,SP,NEUDES BANCADA TRABALHISTA ,12212,Deputado Estadual,PDT,Suplente,3.512
https://divulgacandcontas.tse.jus.br/divulga/#/candidato/2022/2040602022/SP/250001611780,SP, FRANCISCA BANCADA DA EDUCAÇÃO ,65658,Deputado Estadual,PC do B,Suplente,3.903
https://divulgacandcontas.tse.jus.br/divulga/#/candidato/2022/2040602022/SP/250001613771,SP, DYEGO SÉRVOLO ,5075,Deputado Federal,PSOL,Suplente,1.608
https://divulgacandcontas.tse.jus.br/divulga/#/candidato/2022/2040602022/SP/250001613814,SP, ERIKA HILTON ,5070,Deputado Federal,PSOL,Eleito por QP,256.903
https://divulgacandcontas.tse.jus.br/divulga/#/candidato/2022/2040602022/SP/250001610689,SP, FERNANDA CURTI ,1387,Deputado Federal,PT,Suplente,24.566
https://divulgacandcontas.tse.jus.br/divulga/#/candidato/2022/2040602022/SP/250001620645,SP, IYÁ FERNANDA DE MORAES ,40412,Deputado Estadual,PSB,Suplente,385
https://divulgacandcontas.tse.jus.br/divulga/#/candidato/2022/2040602022/SP/250001610699,SP, FERNANDA PRADO ,1334,Deputado Federal,PT,Suplente,1.974
https://divulgacandcontas.tse.jus.br/divulga/#/candidato/2022/2040602022/SP/250001619401,SP, GUILHERME CORTEZ ,50005,Deputado Estadual,PSOL,Eleito por QP,45.094
https://divulgacandcontas.tse.jus.br/divulga/#/candidato/2022/2040602022/SP/250001613958,SP, HELOIZA RAVASQ ,3340,Deputado Federal,PMN,Não eleito,460
https://divulgacandcontas.tse.jus.br/divulga/#/candidato/2022/2040602022/SP/250001619360,SP, PROFESSORA JESSICA MARQUES ,50012,Deputado Estadual,PSOL,Suplente,11.097
https://divulgacandcontas.tse.jus.br/divulga/#/candidato/2022/2040602022/SP/250001619402,SP, JULIO DO QUILOMBO PERIFÉRICO ,50020,Deputado Estadual,PSOL,Suplente,13.734
https://divulgacandcontas.tse.jus.br/divulga/#/candidato/2022/2040602022/SP/250001613760,SP, HENRIQUE PARRA DO CARDUME ,5012,Deputado Federal,PSOL,Suplente,6.849
https://divulgacandcontas.tse.jus.br/divulga/#/candidato/2022/2040602022/SP/250001619348,SP, KEIT LIMA ,50300,Deputado Estadual,PSOL,Suplente,36.767
https://divulgacandcontas.tse.jus.br/divulga/#/candidato/2022/2040602022/SP/250001612101,SP, MÁRCIA ROCHA ,2324,Deputado Federal,CIDADANIA,Suplente,2.858
https://divulgacandcontas.tse.jus.br/divulga/#/candidato/2022/2040602022/SP/250001619382,SP, LENINHA PROFESSORA,50666,Deputado Estadual,PSOL,Suplente,2.383
https://divulgacandcontas.tse.jus.br/divulga/#/candidato/2022/2040602022/SP/250001643684,SP, MÃE MIRELLE BUENO ,12307,Deputado Estadual,PDT,Suplente,418
https://divulgacandcontas.tse.jus.br/divulga/#/candidato/2022/2040602022/SP/250001619369,SP, NEON CUNHA ,50700,Deputado Estadual,PSOL,Suplente,35.111
https://divulgacandcontas.tse.jus.br/divulga/#/candidato/2022/2040602022/SP/250001611757,SP, PAOLLA MIGUEL ,13199,Deputado Estadual,PT,Suplente,25.062
https://divulgacandcontas.tse.jus.br/divulga/#/candidato/2022/2040602022/SP/250001613797,SP, PATRICIA ZANELLA ,1822,Deputado Federal,REDE,Suplente,3.147
https://divulgacandcontas.tse.jus.br/divulga/#/candidato/2022/2040602022/SP/250001610680,SP, ATAGIBA ,1300,Deputado Federal,PT,Suplente,20.066
https://divulgacandcontas.tse.jus.br/divulga/#/candidato/2022/2040602022/SP/250001611776,SP, ROZANA BARROSO POVO NO PODER ,65013,Deputado Estadual,PC do B,Suplente,6.180
https://divulgacandcontas.tse.jus.br/divulga/#/candidato/2022/2040602022/SP/250001613774,SP, SANTO LEGALIZA ,5042,Deputado Federal,PSOL,Suplente,5.446
https://divulgacandcontas.tse.jus.br/divulga/#/candidato/2022/2040602022/SP/250001620625,SP, SHIRLEI MOURA ,40665,Deputado Estadual,PSB,Suplente,410
https://divulgacandcontas.tse.jus.br/divulga/#/candidato/2022/2040602022/SP/250001620627,SP, SUSY SEVEN ,40717,Deputado Estadual,PSB,Suplente,412
https://divulgacandcontas.tse.jus.br/divulga/#/candidato/2022/2040602022/SP/250001610644,SP, SYMMY LARRAT ,1369,Deputado Federal,PT,Suplente,5.400
https://divulgacandcontas.tse.jus.br/divulga/#/candidato/2022/2040602022/SP/250001620628,SP, TALITA CADEIRANTE ,40012,Deputado Estadual,PSB,Suplente,14.971
https://divulgacandcontas.tse.jus.br/divulga/#/candidato/2022/2040602022/SP/250001611769,SP, THAINARA FARIA ,13016,Deputado Estadual,PT,Eleito por QP,91.388
https://divulgacandcontas.tse.jus.br/divulga/#/candidato/2022/2040602022/SP/250001619331,SP, THÍFANY FÉLIX ,18181,Deputado Estadual,REDE,Suplente,455
https://divulgacandcontas.tse.jus.br/divulga/#/candidato/2022/2040602022/SP/250001620297,SP, WILLIAM CALLEGARO ,4050,Deputado Federal,PSB,Suplente,3.921
https://divulgacandcontas.tse.jus.br/divulga/#/candidato/2022/2040602022/SP/250001611784,SP,RICARDO CAMPEÃO COLETIVO VERDE,43433,Deputado Estadual,PV,Suplente,2.258
https://divulgacandcontas.tse.jus.br/divulga/#/candidato/2022/2040602022/SP/250001619355,SP,ADRIANA DO POVO DA CULTURA,50456,Deputado Estadual,PSOL,Suplente,16.167
https://divulgacandcontas.tse.jus.br/divulga/#/candidato/2022/2040602022/SP/250001619337,SP,THALITA TAVARES,50180,Deputado Estadual,PSOL,Suplente,2.777
https://divulgacandcontas.tse.jus.br/divulga/#/candidato/2022/2040602022/SP/250001619359,SP, PROFESSOR JUCA ,50800,Deputado Estadual,PSOL,Suplente,2.786
https://divulgacandcontas.tse.jus.br/divulga/#/candidato/2022/2040602022/SP/250001643636,SP, REBECCA BARBOSA ,12456,Deputado Estadual,PDT,Suplente,3.002
https://divulgacandcontas.tse.jus.br/divulga/#/candidato/2022/2040602022/SP/250001610690,SP, JACQUE CHANEL ,1384,Deputado Federal,PT,Suplente,489
https://divulgacandcontas.tse.jus.br/divulga/#/candidato/2022/2040602022/SP/250001606259,SP, GORETE SILVA ,77134,Deputado Estadual,SOLIDARIEDADE,Suplente,527
https://divulgacandcontas.tse.jus.br/divulga/#/candidato/2022/2040602022/SP/250001610027,SP, PROF ADRIANA VASCONCELLOS ,15556,Deputado Estadual,MDB,Suplente,3.766
https://divulgacandcontas.tse.jus.br/divulga/#/candidato/2022/2040602022/SP/250001643597,SP,MARIA EUGENIA BIFFI,12016,Deputado Estadual,PDT,Suplente,3.217
https://divulgacandcontas.tse.jus.br/divulga/#/candidato/2022/2040602022/SP/250001723577,SP,URIÃ FANCELLI ,19020,Deputado Estadual,PODE,Suplente,9.341
https://divulgacandcontas.tse.jus.br/divulga/#/candidato/2022/2040602022/SP/250001611822,SP,JOEL JUNIOR ,43773,Deputado Estadual,PV,Suplente,610
https://divulgacandcontas.tse.jus.br/divulga/#/candidato/2022/2040602022/SP/250001611539,SP, MANDI MULHERES EM REBELDIA ,16123,Deputado Estadual,PSTU,Não eleito,751
https://divulgacandcontas.tse.jus.br/divulga/#/candidato/2022/2040602022/SP/250001643641,SP,PROF. RAFAEL PURGATO,12720,Deputado Estadual,PDT,Suplente,2.202
https://divulgacandcontas.tse.jus.br/divulga/#/candidato/2022/2040602022/SP/250001619375,SP,PROFESSORA JACI TODAS AS LUTAS,50088,Deputado Estadual,PSOL,Suplente,839
https://divulgacandcontas.tse.jus.br/divulga/#/candidato/2022/2040602022/SP/250001643732,SP, ABNER TOFANELLI ,1250,Deputado Federal,PDT,Não eleito,13.215
https://divulgacandcontas.tse.jus.br/divulga/#/candidato/2022/2040602022/SP/250001611767,SP,DUDA HIDALGO,13180,Deputado Estadual,PT,Suplente,49.656
https://divulgacandcontas.tse.jus.br/divulga/#/candidato/2022/2040602022/SP/250001613806,SP,WALTECY,5077,Deputado Federal,PSOL,Suplente,1.635
https://divulgacandcontas.tse.jus.br/divulga/#/candidato/2022/2040602022/SP/250001611756,SP,MIRIAM ALGARRA,13360,Deputado Estadual,PT,Suplente,6.270
https://divulgacandcontas.tse.jus.br/divulga/#/candidato/2022/2040602022/SP/250001620282,SP,CABO ROSSI,4090,Deputado Federal,PSB,Suplente,1.458
https://divulgacandcontas.tse.jus.br/divulga/#/candidato/2022/2040602022/SP/250001611235,SP,LÉO AQUILLA ,1501,Deputado Federal,MDB,Suplente,16.678
https://divulgacandcontas.tse.jus.br/divulga/#/candidato/2022/2040602022/SP/250001619379,SP,MONICA DO MOVIMENTO PRETAS,50900,Deputado Estadual,PSOL,Eleito por QP,106.781
https://divulgacandcontas.tse.jus.br/divulga/#/candidato/2022/2040602022/SP/250001611257,SP,CINTIA RAMOS ,1595,Deputado Federal,MDB,Suplente,616
https://divulgacandcontas.tse.jus.br/divulga/#/candidato/2022/2040602022/TO/270001620124,TO, EUTÁLIA POVO DE LUTA,13013,Deputado Estadual,PT,Suplente,4.050
https://divulgacandcontas.tse.jus.br/divulga/#/candidato/2022/2040602022/TO/270001676174,TO, THAMIRES DO COLETIVO SOMOS ,4080,Deputado Federal,PSB,Não eleito,2.530
https://divulgacandcontas.tse.jus.br/divulga/#/candidato/2022/2040602022/TO/270001676095,TO,PEARA DO COLETIVO SOMOS,40180,Deputado Estadual,PSB,Suplente,1.754