sq_candidato,link,tse_uf,tse_nome_urna,tse_n_urna,tse_cargo,tse_partido,resultado,numero_votos
10001622769,https://divulgacandcontas.tse.jus.br/divulga/#/candidato/2022/2040602022/AC/10001622769,AC,DRA MICHELLE MELO,12555,DEPUTADO ESTADUAL,PDT,ELEITO POR QP,5990
10001649410,https://divulgacandcontas.tse.jus.br/divulga/#/candidato/2022/2040602022/AC/10001649410,AC,RUBBY RODRIGUES,4055,DEPUTADO FEDERAL,PSB,NÃO ELEITO,512
20001653530,https://divulgacandcontas.tse.jus.br/divulga/#/candidato/2022/2040602022/AL/20001653530,AL,BIANCA NUNES,15015,DEPUTADO ESTADUAL,MDB,SUPLENTE,1058
20001612339,https://divulgacandcontas.tse.jus.br/divulga/#/candidato/2022/2040602022/AL/20001612339,AL,ELIDA MIRANDA,13500,DEPUTADO ESTADUAL,PT,SUPLENTE,4712
20001638578,https://divulgacandcontas.tse.jus.br/divulga/#/candidato/2022/2040602022/AL/20001638578,AL,ALLISSINHA,70200,DEPUTADO ESTADUAL,AVANTE,SUPLENTE,230
20001716678,https://divulgacandcontas.tse.jus.br/divulga/#/candidato/2022/2040602022/AL/20001716678,AL,HERIK DIAS,45800,DEPUTADO ESTADUAL,PSDB,NÃO ELEITO,234
40001633263,https://divulgacandcontas.tse.jus.br/divulga/#/candidato/2022/2040602022/AM/40001633263,AM,FLORISMAR BANCADA AMAZÔNIDA,13550,DEPUTADO ESTADUAL,PT,SUPLENTE,1669
40001726396,https://divulgacandcontas.tse.jus.br/divulga/#/candidato/2022/2040602022/AM/40001726396,AM,DRA. KEZIA TAVARES,50333,DEPUTADO ESTADUAL,PSOL,NÃO ELEITO,151
40001633256,https://divulgacandcontas.tse.jus.br/divulga/#/candidato/2022/2040602022/AM/40001633256,AM,GABRIEL MOTA,65000,DEPUTADO ESTADUAL,PC DO B,SUPLENTE,3288
40001719265,https://divulgacandcontas.tse.jus.br/divulga/#/candidato/2022/2040602022/AM/40001719265,AM,MARÍLIA FREIRE,500,SENADOR,PSOL,NÃO ELEITO,28557
30001605440,https://divulgacandcontas.tse.jus.br/divulga/#/candidato/2022/2040602022/AP/30001605440,AP,EDEM JARDIM,15321,DEPUTADO ESTADUAL,MDB,SUPLENTE,428
30001605458,https://divulgacandcontas.tse.jus.br/divulga/#/candidato/2022/2040602022/AP/30001605458,AP,RAFAELA ESTEFFANS,1500,DEPUTADO FEDERAL,MDB,SUPLENTE,853
50001615370,https://divulgacandcontas.tse.jus.br/divulga/#/candidato/2022/2040602022/BA/50001615370,BA,DRA. ADRIANA CARDOSO,1909,DEPUTADO FEDERAL,PODE,SUPLENTE,1562
50001620952,https://divulgacandcontas.tse.jus.br/divulga/#/candidato/2022/2040602022/BA/50001620952,BA,ANDERSON ROCHA,12888,DEPUTADO ESTADUAL,PDT,SUPLENTE,1051
50001600617,https://divulgacandcontas.tse.jus.br/divulga/#/candidato/2022/2040602022/BA/50001600617,BA,NEGA VAN PSOL,50777,DEPUTADO ESTADUAL,PSOL,SUPLENTE,1548
50001605377,https://divulgacandcontas.tse.jus.br/divulga/#/candidato/2022/2040602022/BA/50001605377,BA,CAMILA PARKER,4324,DEPUTADO FEDERAL,PV,SUPLENTE,615
50001600554,https://divulgacandcontas.tse.jus.br/divulga/#/candidato/2022/2040602022/BA/50001600554,BA,CAROL LIMA,5018,DEPUTADO FEDERAL,PSOL,NÃO ELEITO,3343
50001600583,https://divulgacandcontas.tse.jus.br/divulga/#/candidato/2022/2040602022/BA/50001600583,BA,DANILO SANTANA COLETIVO RAÍZES,5003,DEPUTADO FEDERAL,PSOL,NÃO ELEITO,1959
50001600621,https://divulgacandcontas.tse.jus.br/divulga/#/candidato/2022/2040602022/BA/50001600621,BA,GLEIDE DAVIS,50113,DEPUTADO ESTADUAL,PSOL,SUPLENTE,3321
50001600565,https://divulgacandcontas.tse.jus.br/divulga/#/candidato/2022/2040602022/BA/50001600565,BA,LAINA CRISÓSTOMO,5013,DEPUTADO FEDERAL,PSOL,NÃO ELEITO,6778
50001717858,https://divulgacandcontas.tse.jus.br/divulga/#/candidato/2022/2040602022/BA/50001717858,BA,MARIA FERNANDA,9024,DEPUTADO FEDERAL,PROS,NÃO ELEITO,133
50001605356,https://divulgacandcontas.tse.jus.br/divulga/#/candidato/2022/2040602022/BA/50001605356,BA,MARIA MARIGHELLA,1331,DEPUTADO FEDERAL,PT,SUPLENTE,53364
50001620916,https://divulgacandcontas.tse.jus.br/divulga/#/candidato/2022/2040602022/BA/50001620916,BA,ROSY SILVA,12224,DEPUTADO ESTADUAL,PDT,SUPLENTE,902
50001600605,https://divulgacandcontas.tse.jus.br/divulga/#/candidato/2022/2040602022/BA/50001600605,BA,VÂNIA COLETIVO CAMINHOS,50074,DEPUTADO ESTADUAL,PSOL,SUPLENTE,596
50001605376,https://divulgacandcontas.tse.jus.br/divulga/#/candidato/2022/2040602022/BA/50001605376,BA,VILMA REIS,1303,DEPUTADO FEDERAL,PT,SUPLENTE,60949
50001606391,https://divulgacandcontas.tse.jus.br/divulga/#/candidato/2022/2040602022/BA/50001606391,BA,JÉSSICA SILVA,65111,DEPUTADO ESTADUAL,PC DO B,SUPLENTE,3054
50001605970,https://divulgacandcontas.tse.jus.br/divulga/#/candidato/2022/2040602022/BA/50001605970,BA,DRA. FABÍOLA MANSUR,40040,DEPUTADO ESTADUAL,PSB,SUPLENTE,58064
50001620878,https://divulgacandcontas.tse.jus.br/divulga/#/candidato/2022/2040602022/BA/50001620878,BA,LEO KRET,1224,DEPUTADO FEDERAL,PDT,SUPLENTE,9012
60001613097,https://divulgacandcontas.tse.jus.br/divulga/#/candidato/2022/2040602022/CE/60001613097,CE,ADRIANA GERONIMO,50777,DEPUTADO ESTADUAL,PSOL,SUPLENTE,14577
60001613070,https://divulgacandcontas.tse.jus.br/divulga/#/candidato/2022/2040602022/CE/60001613070,CE,AILTON LOPES,5050,DEPUTADO FEDERAL,PSOL,NÃO ELEITO,16052
60001633669,https://divulgacandcontas.tse.jus.br/divulga/#/candidato/2022/2040602022/CE/60001633669,CE,PRETA KAROL,13138,DEPUTADO ESTADUAL,PT,SUPLENTE,1541
60001613071,https://divulgacandcontas.tse.jus.br/divulga/#/candidato/2022/2040602022/CE/60001613071,CE,ANNA KARINA VOZES FEMINISTAS,5005,DEPUTADO FEDERAL,PSOL,NÃO ELEITO,9512
60001613079,https://divulgacandcontas.tse.jus.br/divulga/#/candidato/2022/2040602022/CE/60001613079,CE,LÍDIA DO BORA DE RUMA,5044,DEPUTADO FEDERAL,PSOL,NÃO ELEITO,7072
60001633651,https://divulgacandcontas.tse.jus.br/divulga/#/candidato/2022/2040602022/CE/60001633651,CE,LUANA VALIM,13220,DEPUTADO ESTADUAL,PT,SUPLENTE,1856
60001633660,https://divulgacandcontas.tse.jus.br/divulga/#/candidato/2022/2040602022/CE/60001633660,CE,MARI LACERDA,13131,DEPUTADO ESTADUAL,PT,SUPLENTE,15453
60001613077,https://divulgacandcontas.tse.jus.br/divulga/#/candidato/2022/2040602022/CE/60001613077,CE,MAYA ELIZ,5007,DEPUTADO FEDERAL,PSOL,NÃO ELEITO,4111
60001719179,https://divulgacandcontas.tse.jus.br/divulga/#/candidato/2022/2040602022/CE/60001719179,CE,PAULO ANACÉ,5020,DEPUTADO FEDERAL,PSOL,NÃO ELEITO,1166
60001619106,https://divulgacandcontas.tse.jus.br/divulga/#/candidato/2022/2040602022/CE/60001619106,CE,RAMON NOBRE,90009,DEPUTADO ESTADUAL,PROS,NÃO ELEITO,161
60001634340,https://divulgacandcontas.tse.jus.br/divulga/#/candidato/2022/2040602022/CE/60001634340,CE,SUED CARVALHO,8080,DEPUTADO FEDERAL,UP,NÃO ELEITO,2140
70001601774,https://divulgacandcontas.tse.jus.br/divulga/#/candidato/2022/2040602022/DF/70001601774,DF,SUSANA XAVIER - DONAS,50000,DEPUTADO DISTRITAL,PSOL,SUPLENTE,901
70001636644,https://divulgacandcontas.tse.jus.br/divulga/#/candidato/2022/2040602022/DF/70001636644,DF,PROFESSOR CRISTIANO,4067,DEPUTADO FEDERAL,PSB,NÃO ELEITO,595
70001601743,https://divulgacandcontas.tse.jus.br/divulga/#/candidato/2022/2040602022/DF/70001601743,DF,DANI SANCHEZ,5000,DEPUTADO FEDERAL,PSOL,NÃO ELEITO,8958
70001601775,https://divulgacandcontas.tse.jus.br/divulga/#/candidato/2022/2040602022/DF/70001601775,DF,DERSON MAIIA,50013,DEPUTADO DISTRITAL,PSOL,SUPLENTE,564
70001601758,https://divulgacandcontas.tse.jus.br/divulga/#/candidato/2022/2040602022/DF/70001601758,DF,FÁBIO FELIX,50123,DEPUTADO DISTRITAL,PSOL,ELEITO POR QP,51792
70001649964,https://divulgacandcontas.tse.jus.br/divulga/#/candidato/2022/2040602022/DF/70001649964,DF,GABY SANTOS,12321,DEPUTADO DISTRITAL,PDT,NÃO ELEITO,528
70001601762,https://divulgacandcontas.tse.jus.br/divulga/#/candidato/2022/2040602022/DF/70001601762,DF,PROFESSOR GUI SOUSA,18000,DEPUTADO DISTRITAL,REDE,SUPLENTE,987
70001596091,https://divulgacandcontas.tse.jus.br/divulga/#/candidato/2022/2040602022/DF/70001596091,DF,COLETIVA SOMOS HELLEN FRIDA,13180,DEPUTADO DISTRITAL,PT,SUPLENTE,7626
70001601748,https://divulgacandcontas.tse.jus.br/divulga/#/candidato/2022/2040602022/DF/70001601748,DF,MIRANDA COLETIVA AFROINDÍGENA,1881,DEPUTADO FEDERAL,REDE,NÃO ELEITO,1318
70001653682,https://divulgacandcontas.tse.jus.br/divulga/#/candidato/2022/2040602022/DF/70001653682,DF,KYARA ZARUTY,35100,DEPUTADO DISTRITAL,PMB,NÃO ELEITO,6
70001636083,https://divulgacandcontas.tse.jus.br/divulga/#/candidato/2022/2040602022/DF/70001636083,DF,LUCAS LUZ,40022,DEPUTADO DISTRITAL,PSB,SUPLENTE,535
70001601746,https://divulgacandcontas.tse.jus.br/divulga/#/candidato/2022/2040602022/DF/70001601746,DF,MADU MULHERES DE TODAS LUTAS,5088,DEPUTADO FEDERAL,PSOL,NÃO ELEITO,2202
70001713405,https://divulgacandcontas.tse.jus.br/divulga/#/candidato/2022/2040602022/DF/70001713405,DF,MARI VALENTIM,2324,DEPUTADO FEDERAL,CIDADANIA,NÃO ELEITO,1058
70001636642,https://divulgacandcontas.tse.jus.br/divulga/#/candidato/2022/2040602022/DF/70001636642,DF,PAULA BENETT,4000,DEPUTADO FEDERAL,PSB,NÃO ELEITO,1464
70001595677,https://divulgacandcontas.tse.jus.br/divulga/#/candidato/2022/2040602022/DF/70001595677,DF,RUTH VENCEREMOS,1361,DEPUTADO FEDERAL,PT,SUPLENTE,31538
70001601756,https://divulgacandcontas.tse.jus.br/divulga/#/candidato/2022/2040602022/DF/70001601756,DF,TALITA VICTOR,50044,DEPUTADO DISTRITAL,PSOL,SUPLENTE,4865
70001643996,https://divulgacandcontas.tse.jus.br/divulga/#/candidato/2022/2040602022/DF/70001643996,DF,ALEXANDRE LIRA,77777,DEPUTADO DISTRITAL,SOLIDARIEDADE,NÃO ELEITO,170
70001636645,https://divulgacandcontas.tse.jus.br/divulga/#/candidato/2022/2040602022/DF/70001636645,DF,PROFESSOR ISRAEL,4077,DEPUTADO FEDERAL,PSB,NÃO ELEITO,40885
70001596093,https://divulgacandcontas.tse.jus.br/divulga/#/candidato/2022/2040602022/DF/70001596093,DF,PROF LÊDA COLETIVE CHÃO,13000,DEPUTADO DISTRITAL,PT,SUPLENTE,4894
70001601767,https://divulgacandcontas.tse.jus.br/divulga/#/candidato/2022/2040602022/DF/70001601767,DF,MANDATA FEMINISTA BEM VIVER BE,50999,DEPUTADO DISTRITAL,PSOL,SUPLENTE,3143
80001621158,https://divulgacandcontas.tse.jus.br/divulga/#/candidato/2022/2040602022/ES/80001621158,ES,BARBARAH BRASIL,40106,DEPUTADO ESTADUAL,PSB,SUPLENTE,299
80001611838,https://divulgacandcontas.tse.jus.br/divulga/#/candidato/2022/2040602022/ES/80001611838,ES,ANE HALAMA,5001,DEPUTADO FEDERAL,PSOL,NÃO ELEITO,2017
80001719420,https://divulgacandcontas.tse.jus.br/divulga/#/candidato/2022/2040602022/ES/80001719420,ES,IVO COLETIVA RAÇA E CLASSE,1333,DEPUTADO FEDERAL,PT,SUPLENTE,5756
80001620972,https://divulgacandcontas.tse.jus.br/divulga/#/candidato/2022/2040602022/ES/80001620972,ES,MULHERES DE TODAS AS LUTAS,4001,DEPUTADO FEDERAL,PSB,SUPLENTE,2350
80001610768,https://divulgacandcontas.tse.jus.br/divulga/#/candidato/2022/2040602022/ES/80001610768,ES,RAFAELLA MACHADO,500,SENADOR (1O SUPLENTE),PSOL,NÃO ELEITO,20138
80001611188,https://divulgacandcontas.tse.jus.br/divulga/#/candidato/2022/2040602022/ES/80001611188,ES,SANDRINHA OLIVEIRA JUNTAS,50013,DEPUTADO ESTADUAL,PSOL,SUPLENTE,451
80001611205,https://divulgacandcontas.tse.jus.br/divulga/#/candidato/2022/2040602022/ES/80001611205,ES,MONICA ALVES,50010,DEPUTADO ESTADUAL,PSOL,SUPLENTE,581
80001720047,https://divulgacandcontas.tse.jus.br/divulga/#/candidato/2022/2040602022/ES/80001720047,ES,WALDIR PIRES,12096,DEPUTADO ESTADUAL,PDT,SUPLENTE,303
90001648108,https://divulgacandcontas.tse.jus.br/divulga/#/candidato/2022/2040602022/GO/90001648108,GO,ARIEL LUZ,1330,DEPUTADO FEDERAL,PT,SUPLENTE,2021
90001675421,https://divulgacandcontas.tse.jus.br/divulga/#/candidato/2022/2040602022/GO/90001675421,GO,ARTHUR RAMOS,2121,DEPUTADO FEDERAL,PCB,NÃO ELEITO,959
90001675308,https://divulgacandcontas.tse.jus.br/divulga/#/candidato/2022/2040602022/GO/90001675308,GO,BARBARA BOMBOM,50024,DEPUTADO ESTADUAL,PSOL,NÃO ELEITO,1150
90001649529,https://divulgacandcontas.tse.jus.br/divulga/#/candidato/2022/2040602022/GO/90001649529,GO,FABRÍCIO ROSA,13200,DEPUTADO ESTADUAL,PT,SUPLENTE,20432
90001614061,https://divulgacandcontas.tse.jus.br/divulga/#/candidato/2022/2040602022/GO/90001614061,GO,ILLANA MATTOS,2034,DEPUTADO FEDERAL,PSC,SUPLENTE,363
90001648118,https://divulgacandcontas.tse.jus.br/divulga/#/candidato/2022/2040602022/GO/90001648118,GO,ISABEL CRISTINE,1307,DEPUTADO FEDERAL,PT,SUPLENTE,898
90001647438,https://divulgacandcontas.tse.jus.br/divulga/#/candidato/2022/2040602022/GO/90001647438,GO,JÚNIOR PINHEIRO,45745,DEPUTADO ESTADUAL,PSDB,SUPLENTE,273
90001621635,https://divulgacandcontas.tse.jus.br/divulga/#/candidato/2022/2040602022/GO/90001621635,GO,MATHEUS RIBEIRO,4555,DEPUTADO FEDERAL,PSDB,SUPLENTE,46961
90001675162,https://divulgacandcontas.tse.jus.br/divulga/#/candidato/2022/2040602022/GO/90001675162,GO,MARCO AURELIO,5024,DEPUTADO FEDERAL,PSOL,NÃO ELEITO,265
90001647407,https://divulgacandcontas.tse.jus.br/divulga/#/candidato/2022/2040602022/GO/90001647407,GO,MARCELO GOMES,45700,DEPUTADO ESTADUAL,PSDB,SUPLENTE,136
90001732912,https://divulgacandcontas.tse.jus.br/divulga/#/candidato/2022/2040602022/GO/90001732912,GO,WANESSA BELTRÃO,13444,DEPUTADO ESTADUAL,PT,SUPLENTE,374
100001613727,https://divulgacandcontas.tse.jus.br/divulga/#/candidato/2022/2040602022/MA/100001613727,MA,PAULO ROMÃO,13613,DEPUTADO ESTADUAL,PT,SUPLENTE,749
100001601133,https://divulgacandcontas.tse.jus.br/divulga/#/candidato/2022/2040602022/MA/100001601133,MA,RAISSA MENDONÇA,1277,DEPUTADO FEDERAL,PDT,SUPLENTE,2047
100001713953,https://divulgacandcontas.tse.jus.br/divulga/#/candidato/2022/2040602022/MA/100001713953,MA,CADU MARQUES,50513,DEPUTADO ESTADUAL,PSOL,NÃO ELEITO,1417
100001613737,https://divulgacandcontas.tse.jus.br/divulga/#/candidato/2022/2040602022/MA/100001613737,MA,CHICO COLETIVO GUARNICÊ,13400,DEPUTADO ESTADUAL,PT,SUPLENTE,14296
100001607066,https://divulgacandcontas.tse.jus.br/divulga/#/candidato/2022/2040602022/MA/100001607066,MA,PROF ADROALDO COLETIVO VAMOS,40100,DEPUTADO ESTADUAL,PSB,SUPLENTE,2046
130001615236,https://divulgacandcontas.tse.jus.br/divulga/#/candidato/2022/2040602022/MG/130001615236,MG,ALAN RODRIGUES,50777,DEPUTADO ESTADUAL,PSOL,SUPLENTE,1068
130001607245,https://divulgacandcontas.tse.jus.br/divulga/#/candidato/2022/2040602022/MG/130001607245,MG,CRISTINA DEL PAPA,1317,DEPUTADO FEDERAL,PT,SUPLENTE,4763
130001607369,https://divulgacandcontas.tse.jus.br/divulga/#/candidato/2022/2040602022/MG/130001607369,MG,DANDARA,13777,DEPUTADO ESTADUAL,PT,SUPLENTE,18624
130001607401,https://divulgacandcontas.tse.jus.br/divulga/#/candidato/2022/2040602022/MG/130001607401,MG,DANIEL CABRAL,65000,DEPUTADO ESTADUAL,PC DO B,SUPLENTE,8100
130001615068,https://divulgacandcontas.tse.jus.br/divulga/#/candidato/2022/2040602022/MG/130001615068,MG,DUDA DAS CADEIRAS,21210,DEPUTADO ESTADUAL,PCB,NÃO ELEITO,2746
130001607432,https://divulgacandcontas.tse.jus.br/divulga/#/candidato/2022/2040602022/MG/130001607432,MG,EDINALDO SOARES,13111,DEPUTADO ESTADUAL,PT,SUPLENTE,3616
130001615175,https://divulgacandcontas.tse.jus.br/divulga/#/candidato/2022/2040602022/MG/130001615175,MG,GIZA ALEXANDRE,5046,DEPUTADO FEDERAL,PSOL,SUPLENTE,1066
130001606754,https://divulgacandcontas.tse.jus.br/divulga/#/candidato/2022/2040602022/MG/130001606754,MG,GREGORY RODRIGUES,12457,DEPUTADO ESTADUAL,PDT,SUPLENTE,610
130001615280,https://divulgacandcontas.tse.jus.br/divulga/#/candidato/2022/2040602022/MG/130001615280,MG,BELLA GONÇALVES,50500,DEPUTADO ESTADUAL,PSOL,ELEITO POR QP,43768
130001678198,https://divulgacandcontas.tse.jus.br/divulga/#/candidato/2022/2040602022/MG/130001678198,MG,ISAÍAS MARTINS,15678,DEPUTADO ESTADUAL,MDB,SUPLENTE,4982
130001615181,https://divulgacandcontas.tse.jus.br/divulga/#/candidato/2022/2040602022/MG/130001615181,MG,IZA LOURENÇA,5000,DEPUTADO FEDERAL,PSOL,SUPLENTE,51304
130001615233,https://divulgacandcontas.tse.jus.br/divulga/#/candidato/2022/2040602022/MG/130001615233,MG,LAUANA JUHLIA TAINA,50111,DEPUTADO ESTADUAL,PSOL,SUPLENTE,12442
130001615271,https://divulgacandcontas.tse.jus.br/divulga/#/candidato/2022/2040602022/MG/130001615271,MG,KÊNIA RIBEIRO,50444,DEPUTADO ESTADUAL,PSOL,SUPLENTE,558
130001607374,https://divulgacandcontas.tse.jus.br/divulga/#/candidato/2022/2040602022/MG/130001607374,MG,KÉSLEY A ATREVIDA,13038,DEPUTADO ESTADUAL,PT,SUPLENTE,1521
130001615079,https://divulgacandcontas.tse.jus.br/divulga/#/candidato/2022/2040602022/MG/130001615079,MG,LÍVIA FLOR,2135,DEPUTADO FEDERAL,PCB,NÃO ELEITO,856
130001607278,https://divulgacandcontas.tse.jus.br/divulga/#/candidato/2022/2040602022/MG/130001607278,MG,CIÇA,1322,DEPUTADO FEDERAL,PT,SUPLENTE,5902
130001612987,https://divulgacandcontas.tse.jus.br/divulga/#/candidato/2022/2040602022/MG/130001612987,MG,NEILA SCHINEIDER,7741,DEPUTADO FEDERAL,SOLIDARIEDADE,SUPLENTE,254
130001615080,https://divulgacandcontas.tse.jus.br/divulga/#/candidato/2022/2040602022/MG/130001615080,MG,ESPAGUETE,2117,DEPUTADO FEDERAL,PCB,NÃO ELEITO,1957
130001615093,https://divulgacandcontas.tse.jus.br/divulga/#/candidato/2022/2040602022/MG/130001615093,MG,SARA AZEVEDO,500,SENADOR,PSOL,NÃO ELEITO,113304
130001613138,https://divulgacandcontas.tse.jus.br/divulga/#/candidato/2022/2040602022/MG/130001613138,MG,VINÍCIUS VINISIM,40444,DEPUTADO ESTADUAL,PSB,SUPLENTE,1002
130001615238,https://divulgacandcontas.tse.jus.br/divulga/#/candidato/2022/2040602022/MG/130001615238,MG,COLETIVAS VOZES GERAIS/WALLACE,50034,DEPUTADO ESTADUAL,PSOL,SUPLENTE,1710
130001606697,https://divulgacandcontas.tse.jus.br/divulga/#/candidato/2022/2040602022/MG/130001606697,MG,DUDA SALABERT,1212,DEPUTADO FEDERAL,PDT,ELEITO POR QP,208332
130001613347,https://divulgacandcontas.tse.jus.br/divulga/#/candidato/2022/2040602022/MG/130001613347,MG,JULIANA SALES,2300,DEPUTADO FEDERAL,CIDADANIA,SUPLENTE,5487
130001607255,https://divulgacandcontas.tse.jus.br/divulga/#/candidato/2022/2040602022/MG/130001607255,MG,GUSTAVO MENDES,1340,DEPUTADO FEDERAL,PT,SUPLENTE,18634
130001615215,https://divulgacandcontas.tse.jus.br/divulga/#/candidato/2022/2040602022/MG/130001615215,MG,MARIA DA CONSOLAÇÃO,50888,DEPUTADO ESTADUAL,PSOL,SUPLENTE,7793
130001606736,https://divulgacandcontas.tse.jus.br/divulga/#/candidato/2022/2040602022/MG/130001606736,MG,EDIMAR FERREIRA,12888,DEPUTADO ESTADUAL,PDT,SUPLENTE,519
130001613022,https://divulgacandcontas.tse.jus.br/divulga/#/candidato/2022/2040602022/MG/130001613022,MG,FLÁVIA GONTIJO,77122,DEPUTADO ESTADUAL,SOLIDARIEDADE,SUPLENTE,1125
130001607389,https://divulgacandcontas.tse.jus.br/divulga/#/candidato/2022/2040602022/MG/130001607389,MG,RODRIGO LEITE,13555,DEPUTADO ESTADUAL,PT,SUPLENTE,7866
130001607373,https://divulgacandcontas.tse.jus.br/divulga/#/candidato/2022/2040602022/MG/130001607373,MG,GISELE DA SAÚDE,13192,DEPUTADO ESTADUAL,PT,SUPLENTE,1316
130001615069,https://divulgacandcontas.tse.jus.br/divulga/#/candidato/2022/2040602022/MG/130001615069,MG,BRUNO MAROTA,21212,DEPUTADO ESTADUAL,PCB,NÃO ELEITO,1979
130001607270,https://divulgacandcontas.tse.jus.br/divulga/#/candidato/2022/2040602022/MG/130001607270,MG,DANDARA,1334,DEPUTADO FEDERAL,PT,ELEITO POR QP,86034
120001598297,https://divulgacandcontas.tse.jus.br/divulga/#/candidato/2022/2040602022/MS/120001598297,MS,FRANKLIN,5050,DEPUTADO FEDERAL,PSOL,NÃO ELEITO,4045
120001652326,https://divulgacandcontas.tse.jus.br/divulga/#/candidato/2022/2040602022/MS/120001652326,MS,GLAUBER PORTMAN,65024,DEPUTADO ESTADUAL,PC DO B,SUPLENTE,602
120001606660,https://divulgacandcontas.tse.jus.br/divulga/#/candidato/2022/2040602022/MS/120001606660,MS,JEAN FERREIRA,12067,DEPUTADO ESTADUAL,PDT,SUPLENTE,3643
120001613607,https://divulgacandcontas.tse.jus.br/divulga/#/candidato/2022/2040602022/MS/120001613607,MS,KARLA MELO COLETIVO SOMOS,45345,DEPUTADO ESTADUAL,PSDB,SUPLENTE,628
120001606667,https://divulgacandcontas.tse.jus.br/divulga/#/candidato/2022/2040602022/MS/120001606667,MS,BRUNA RIQUELME COLETIVO,12222,DEPUTADO ESTADUAL,PDT,SUPLENTE,366
120001606665,https://divulgacandcontas.tse.jus.br/divulga/#/candidato/2022/2040602022/MS/120001606665,MS,LUARA DO AXÉ,12180,DEPUTADO ESTADUAL,PDT,SUPLENTE,273
110001608772,https://divulgacandcontas.tse.jus.br/divulga/#/candidato/2022/2040602022/MT/110001608772,MT,JULIAN TACANÃ,5005,DEPUTADO FEDERAL,PSOL,NÃO ELEITO,759
110001655601,https://divulgacandcontas.tse.jus.br/divulga/#/candidato/2022/2040602022/MT/110001655601,MT,VALKIRIA BRANDÃO,23555,DEPUTADO ESTADUAL,CIDADANIA,SUPLENTE,428
110001719788,https://divulgacandcontas.tse.jus.br/divulga/#/candidato/2022/2040602022/MT/110001719788,MT,PROFA GRACIELE,13613,DEPUTADO ESTADUAL,PT,SUPLENTE,7580
110001724934,https://divulgacandcontas.tse.jus.br/divulga/#/candidato/2022/2040602022/MT/110001724934,MT,THIAGUINHO,4040,DEPUTADO FEDERAL,PSB,NÃO ELEITO,1564
140001651017,https://divulgacandcontas.tse.jus.br/divulga/#/candidato/2022/2040602022/PA/140001651017,PA,BÁRBARA PASTANA,50024,DEPUTADO ESTADUAL,PSOL,SUPLENTE,992
140001676602,https://divulgacandcontas.tse.jus.br/divulga/#/candidato/2022/2040602022/PA/140001676602,PA,BIA CAMINHA,13613,DEPUTADO ESTADUAL,PT,SUPLENTE,16232
140001621063,https://divulgacandcontas.tse.jus.br/divulga/#/candidato/2022/2040602022/PA/140001621063,PA,ENDELL MENEZES,12001,DEPUTADO ESTADUAL,PDT,SUPLENTE,2403
140001676615,https://divulgacandcontas.tse.jus.br/divulga/#/candidato/2022/2040602022/PA/140001676615,PA,JADE LEÃO,13310,DEPUTADO ESTADUAL,PT,SUPLENTE,6551
140001651020,https://divulgacandcontas.tse.jus.br/divulga/#/candidato/2022/2040602022/PA/140001651020,PA,MADALENA DANI TODAS AS VOZES,50777,DEPUTADO ESTADUAL,PSOL,SUPLENTE,1682
140001650331,https://divulgacandcontas.tse.jus.br/divulga/#/candidato/2022/2040602022/PA/140001650331,PA,VIVI REIS,5000,DEPUTADO FEDERAL,PSOL,NÃO ELEITO,53353
140001620898,https://divulgacandcontas.tse.jus.br/divulga/#/candidato/2022/2040602022/PA/140001620898,PA,PROFESSOR EDSON JUNIOR,1369,DEPUTADO FEDERAL,PT,SUPLENTE,3105
140001676892,https://divulgacandcontas.tse.jus.br/divulga/#/candidato/2022/2040602022/PA/140001676892,PA,DIVERSIDADE E INCLUSÃO IRNA,15016,DEPUTADO ESTADUAL,MDB,SUPLENTE,1865
150001621663,https://divulgacandcontas.tse.jus.br/divulga/#/candidato/2022/2040602022/PB/150001621663,PB,ALEXANDRE KENNEDY,40555,DEPUTADO ESTADUAL,PSB,SUPLENTE,873
150001619530,https://divulgacandcontas.tse.jus.br/divulga/#/candidato/2022/2040602022/PB/150001619530,PB,ESTELA BEZERRA,1313,DEPUTADO FEDERAL,PT,SUPLENTE,44788
150001621573,https://divulgacandcontas.tse.jus.br/divulga/#/candidato/2022/2040602022/PB/150001621573,PB,"JOSI ""É NOIS A MUDANÇA""",50055,DEPUTADO ESTADUAL,PSOL,SUPLENTE,1285
150001643183,https://divulgacandcontas.tse.jus.br/divulga/#/candidato/2022/2040602022/PB/150001643183,PB,PROFESSORA ANA CÉLIA,13111,DEPUTADO ESTADUAL,PT,SUPLENTE,1684
150001621383,https://divulgacandcontas.tse.jus.br/divulga/#/candidato/2022/2040602022/PB/150001621383,PB,NICOLE D'LAMARCK,45321,DEPUTADO ESTADUAL,PSDB,SUPLENTE,360
170001618407,https://divulgacandcontas.tse.jus.br/divulga/#/candidato/2022/2040602022/PE/170001618407,PE,ALEXANDRE PIRES,50013,DEPUTADO ESTADUAL,PSOL,SUPLENTE,4684
170001619589,https://divulgacandcontas.tse.jus.br/divulga/#/candidato/2022/2040602022/PE/170001619589,PE,DÉBORA PRETAS JUNTAS,1850,DEPUTADO FEDERAL,REDE,SUPLENTE,1439
170001618396,https://divulgacandcontas.tse.jus.br/divulga/#/candidato/2022/2040602022/PE/170001618396,PE,MÃE ANDREIA DA DIVERSAS,50300,DEPUTADO ESTADUAL,PSOL,SUPLENTE,615
170001608963,https://divulgacandcontas.tse.jus.br/divulga/#/candidato/2022/2040602022/PE/170001608963,PE,FLÁVIA HELLEN,13180,DEPUTADO ESTADUAL,PT,SUPLENTE,7975
170001619586,https://divulgacandcontas.tse.jus.br/divulga/#/candidato/2022/2040602022/PE/170001619586,PE,JANIELLY AZEVEDO,5088,DEPUTADO FEDERAL,PSOL,SUPLENTE,1773
170001619594,https://divulgacandcontas.tse.jus.br/divulga/#/candidato/2022/2040602022/PE/170001619594,PE,ENFERMEIRO JHON,5025,DEPUTADO FEDERAL,PSOL,SUPLENTE,1743
170001618417,https://divulgacandcontas.tse.jus.br/divulga/#/candidato/2022/2040602022/PE/170001618417,PE,JÔ DAS JUNTAS,50180,DEPUTADO ESTADUAL,PSOL,SUPLENTE,15410
170001619598,https://divulgacandcontas.tse.jus.br/divulga/#/candidato/2022/2040602022/PE/170001619598,PE,LUIZA CAROLINA,5044,DEPUTADO FEDERAL,PSOL,SUPLENTE,1058
170001618413,https://divulgacandcontas.tse.jus.br/divulga/#/candidato/2022/2040602022/PE/170001618413,PE,MÔNICA COLETIVO ARCO-ÍRIS,18222,DEPUTADO ESTADUAL,REDE,SUPLENTE,130
170001619584,https://divulgacandcontas.tse.jus.br/divulga/#/candidato/2022/2040602022/PE/170001619584,PE,ROBEYONCÉ,5000,DEPUTADO FEDERAL,PSOL,SUPLENTE,80732
170001608960,https://divulgacandcontas.tse.jus.br/divulga/#/candidato/2022/2040602022/PE/170001608960,PE,ROSA AMORIM,13100,DEPUTADO ESTADUAL,PT,ELEITO POR QP,42632
170001618416,https://divulgacandcontas.tse.jus.br/divulga/#/candidato/2022/2040602022/PE/170001618416,PE,SYLVIA,18180,DEPUTADO ESTADUAL,REDE,SUPLENTE,3988
170001715592,https://divulgacandcontas.tse.jus.br/divulga/#/candidato/2022/2040602022/PE/170001715592,PE,VICTÓRIA PINHEIRO,2121,DEPUTADO FEDERAL,PCB,NÃO ELEITO,2576
170001608958,https://divulgacandcontas.tse.jus.br/divulga/#/candidato/2022/2040602022/PE/170001608958,PE,VINICIUS CASTELLO,13789,DEPUTADO ESTADUAL,PT,SUPLENTE,22713
170001608983,https://divulgacandcontas.tse.jus.br/divulga/#/candidato/2022/2040602022/PE/170001608983,PE,FLOR DA COLETIVA,65100,DEPUTADO ESTADUAL,PC DO B,SUPLENTE,2824
180001605672,https://divulgacandcontas.tse.jus.br/divulga/#/candidato/2022/2040602022/PI/180001605672,PI,BEEL DA SILVA,13013,DEPUTADO ESTADUAL,PT,SUPLENTE,1044
180001608992,https://divulgacandcontas.tse.jus.br/divulga/#/candidato/2022/2040602022/PI/180001608992,PI,NAIRA MANDATA TRANSFEMINISTA,50500,DEPUTADO ESTADUAL,PSOL,NÃO ELEITO,1937
180001618286,https://divulgacandcontas.tse.jus.br/divulga/#/candidato/2022/2040602022/PI/180001618286,PI,MARIANA BANCADA ANTIRRACISTA,5000,DEPUTADO FEDERAL,PSOL,NÃO ELEITO,2542
160001621883,https://divulgacandcontas.tse.jus.br/divulga/#/candidato/2022/2040602022/PR/160001621883,PR,DAVID ANTUNES,40113,DEPUTADO ESTADUAL,PSB,SUPLENTE,2849
160001614993,https://divulgacandcontas.tse.jus.br/divulga/#/candidato/2022/2040602022/PR/160001614993,PR,ANGELO COLETIVO DAS CULTURAS,65013,DEPUTADO ESTADUAL,PC DO B,SUPLENTE,1878
160001621884,https://divulgacandcontas.tse.jus.br/divulga/#/candidato/2022/2040602022/PR/160001621884,PR,DIEGO XAVIER,40313,DEPUTADO ESTADUAL,PSB,SUPLENTE,2130
160001615002,https://divulgacandcontas.tse.jus.br/divulga/#/candidato/2022/2040602022/PR/160001615002,PR,GEORGE SOUZZA,13100,DEPUTADO ESTADUAL,PT,SUPLENTE,1472
160001621833,https://divulgacandcontas.tse.jus.br/divulga/#/candidato/2022/2040602022/PR/160001621833,PR,LUCAS SIQUEIRA,4013,DEPUTADO FEDERAL,PSB,SUPLENTE,4178
160001614992,https://divulgacandcontas.tse.jus.br/divulga/#/candidato/2022/2040602022/PR/160001614992,PR,MARGOT,13600,DEPUTADO ESTADUAL,PT,SUPLENTE,5152
160001622680,https://divulgacandcontas.tse.jus.br/divulga/#/candidato/2022/2040602022/PR/160001622680,PR,MATEUS RIBEIRO,50777,DEPUTADO ESTADUAL,PSOL,NÃO ELEITO,387
160001622617,https://divulgacandcontas.tse.jus.br/divulga/#/candidato/2022/2040602022/PR/160001622617,PR,RENATA BORGES,1200,DEPUTADO FEDERAL,PDT,NÃO ELEITO,2764
160001622681,https://divulgacandcontas.tse.jus.br/divulga/#/candidato/2022/2040602022/PR/160001622681,PR,MAYRA KARVAT,50587,DEPUTADO ESTADUAL,PSOL,NÃO ELEITO,531
160001622677,https://divulgacandcontas.tse.jus.br/divulga/#/candidato/2022/2040602022/PR/160001622677,PR,PROFESSORA JULIA SILVEIRA,50555,DEPUTADO ESTADUAL,PSOL,NÃO ELEITO,1433
160001622700,https://divulgacandcontas.tse.jus.br/divulga/#/candidato/2022/2040602022/PR/160001622700,PR,GIOVANNA SILVEIRA,50500,DEPUTADO ESTADUAL,PSOL,NÃO ELEITO,3517
160001622693,https://divulgacandcontas.tse.jus.br/divulga/#/candidato/2022/2040602022/PR/160001622693,PR,LUCAS CARDOSO,18013,DEPUTADO ESTADUAL,REDE,NÃO ELEITO,407
160001615013,https://divulgacandcontas.tse.jus.br/divulga/#/candidato/2022/2040602022/PR/160001615013,PR,LARISSA DO COLETIVIZANDO,65613,DEPUTADO ESTADUAL,PC DO B,SUPLENTE,1750
160001612413,https://divulgacandcontas.tse.jus.br/divulga/#/candidato/2022/2040602022/PR/160001612413,PR,JOÃO GARCIA,23143,DEPUTADO ESTADUAL,CIDADANIA,SUPLENTE,202
160001614507,https://divulgacandcontas.tse.jus.br/divulga/#/candidato/2022/2040602022/PR/160001614507,PR,JACQUE DA CASA DAS 13 MULHERES,1366,DEPUTADO FEDERAL,PT,SUPLENTE,3718
160001622604,https://divulgacandcontas.tse.jus.br/divulga/#/candidato/2022/2040602022/PR/160001622604,PR,PROFESSOR GEOVANE,1201,DEPUTADO FEDERAL,PDT,NÃO ELEITO,582
160001623083,https://divulgacandcontas.tse.jus.br/divulga/#/candidato/2022/2040602022/PR/160001623083,PR,PAOLA REIS,12100,DEPUTADO ESTADUAL,PDT,SUPLENTE,395
160001614988,https://divulgacandcontas.tse.jus.br/divulga/#/candidato/2022/2040602022/PR/160001614988,PR,GIORGIA PRATES - MANDATA PRETA,13130,DEPUTADO ESTADUAL,PT,SUPLENTE,3106
190001598396,https://divulgacandcontas.tse.jus.br/divulga/#/candidato/2022/2040602022/RJ/190001598396,RJ,ANDRÉA ARAUJO DTO. LGBT/ANIMAL,30303,DEPUTADO ESTADUAL,NOVO,NÃO ELEITO,2120
190001600490,https://divulgacandcontas.tse.jus.br/divulga/#/candidato/2022/2040602022/RJ/190001600490,RJ,ANDREA CASSA,5023,DEPUTADO FEDERAL,PSOL,SUPLENTE,1756
190001600432,https://divulgacandcontas.tse.jus.br/divulga/#/candidato/2022/2040602022/RJ/190001600432,RJ,ARILDO JUNIOR,50200,DEPUTADO ESTADUAL,PSOL,SUPLENTE,502
190001619190,https://divulgacandcontas.tse.jus.br/divulga/#/candidato/2022/2040602022/RJ/190001619190,RJ,CAMILA MARINS,1329,DEPUTADO FEDERAL,PT,SUPLENTE,4628
190001620478,https://divulgacandcontas.tse.jus.br/divulga/#/candidato/2022/2040602022/RJ/190001620478,RJ,COSME FELIPPSEN,13300,DEPUTADO ESTADUAL,PT,SUPLENTE,273
190001620519,https://divulgacandcontas.tse.jus.br/divulga/#/candidato/2022/2040602022/RJ/190001620519,RJ,DANI BALBI,65123,DEPUTADO ESTADUAL,PC DO B,ELEITO POR QP,65815
190001620479,https://divulgacandcontas.tse.jus.br/divulga/#/candidato/2022/2040602022/RJ/190001620479,RJ,DARA SANT'ANNA,13031,DEPUTADO ESTADUAL,PT,SUPLENTE,6967
190001609765,https://divulgacandcontas.tse.jus.br/divulga/#/candidato/2022/2040602022/RJ/190001609765,RJ,GIOVANNA ALMEIDA,80000,DEPUTADO ESTADUAL,UP,NÃO ELEITO,9199
190001619198,https://divulgacandcontas.tse.jus.br/divulga/#/candidato/2022/2040602022/RJ/190001619198,RJ,INDIANARAE SIQUEIRA,1369,DEPUTADO FEDERAL,PT,SUPLENTE,4962
190001620495,https://divulgacandcontas.tse.jus.br/divulga/#/candidato/2022/2040602022/RJ/190001620495,RJ,KAWAN LOPES,13050,DEPUTADO ESTADUAL,PT,SUPLENTE,2997
190001639150,https://divulgacandcontas.tse.jus.br/divulga/#/candidato/2022/2040602022/RJ/190001639150,RJ,PROF RENATO BATISTA,40713,DEPUTADO ESTADUAL,PSB,SUPLENTE,490
190001645414,https://divulgacandcontas.tse.jus.br/divulga/#/candidato/2022/2040602022/RJ/190001645414,RJ,SOL MIRANDA,4044,DEPUTADO FEDERAL,PSB,SUPLENTE,11427
190001600424,https://divulgacandcontas.tse.jus.br/divulga/#/candidato/2022/2040602022/RJ/190001600424,RJ,YARITZA,50069,DEPUTADO ESTADUAL,PSOL,SUPLENTE,110
190001600433,https://divulgacandcontas.tse.jus.br/divulga/#/candidato/2022/2040602022/RJ/190001600433,RJ,BENNY BRIOLLY,50555,DEPUTADO ESTADUAL,PSOL,SUPLENTE,25150
190001620483,https://divulgacandcontas.tse.jus.br/divulga/#/candidato/2022/2040602022/RJ/190001620483,RJ,CAROL QUINTANA,13044,DEPUTADO ESTADUAL,PT,SUPLENTE,4600
190001620466,https://divulgacandcontas.tse.jus.br/divulga/#/candidato/2022/2040602022/RJ/190001620466,RJ,VERÔNICA LIMA,13580,DEPUTADO ESTADUAL,PT,ELEITO POR QP,55738
190001600442,https://divulgacandcontas.tse.jus.br/divulga/#/candidato/2022/2040602022/RJ/190001600442,RJ,JEFFERSON VINCO,50222,DEPUTADO ESTADUAL,PSOL,SUPLENTE,8380
190001732307,https://divulgacandcontas.tse.jus.br/divulga/#/candidato/2022/2040602022/RJ/190001732307,RJ,FELIPE CARDOSO,12023,DEPUTADO ESTADUAL,PDT,SUPLENTE,80
190001639123,https://divulgacandcontas.tse.jus.br/divulga/#/candidato/2022/2040602022/RJ/190001639123,RJ,RODRIGO FRANÇA,40575,DEPUTADO ESTADUAL,PSB,SUPLENTE,731
190001600439,https://divulgacandcontas.tse.jus.br/divulga/#/candidato/2022/2040602022/RJ/190001600439,RJ,ROSE CIPRIANO COLET. PERIFÉRICA,50800,DEPUTADO ESTADUAL,PSOL,SUPLENTE,13699
190001600448,https://divulgacandcontas.tse.jus.br/divulga/#/candidato/2022/2040602022/RJ/190001600448,RJ,DANI MONTEIRO,50050,DEPUTADO ESTADUAL,PSOL,ELEITO POR QP,50140
190001654243,https://divulgacandcontas.tse.jus.br/divulga/#/candidato/2022/2040602022/RJ/190001654243,RJ,RENNAN CANTUARIA,12321,DEPUTADO ESTADUAL,PDT,SUPLENTE,678
200001612240,https://divulgacandcontas.tse.jus.br/divulga/#/candidato/2022/2040602022/RN/200001612240,RN,PABLO AIRES,4050,DEPUTADO FEDERAL,PSB,NÃO ELEITO,21996
200001603632,https://divulgacandcontas.tse.jus.br/divulga/#/candidato/2022/2040602022/RN/200001603632,RN,RAYANE ANDRADE,13111,DEPUTADO ESTADUAL,PT,SUPLENTE,13358
200001620344,https://divulgacandcontas.tse.jus.br/divulga/#/candidato/2022/2040602022/RN/200001620344,RN,ROCHELLY POTIGUAR,1288,DEPUTADO FEDERAL,PDT,NÃO ELEITO,359
200001603649,https://divulgacandcontas.tse.jus.br/divulga/#/candidato/2022/2040602022/RN/200001603649,RN,SAMANDA,1313,DEPUTADO FEDERAL,PT,SUPLENTE,31240
200001612241,https://divulgacandcontas.tse.jus.br/divulga/#/candidato/2022/2040602022/RN/200001612241,RN,THABATTA PIMENTA,4040,DEPUTADO FEDERAL,PSB,NÃO ELEITO,40533
200001667828,https://divulgacandcontas.tse.jus.br/divulga/#/candidato/2022/2040602022/RN/200001667828,RN,CAMILA DA JUNTAS,5050,DEPUTADO FEDERAL,PSOL,NÃO ELEITO,1710
230001642281,https://divulgacandcontas.tse.jus.br/divulga/#/candidato/2022/2040602022/RR/230001642281,RR,JACILDO BEZERRA,23222,DEPUTADO ESTADUAL,CIDADANIA,SUPLENTE,84
230001600116,https://divulgacandcontas.tse.jus.br/divulga/#/candidato/2022/2040602022/RR/230001600116,RR,JHONATAN CALEL,3522,DEPUTADO FEDERAL,PMB,NÃO ELEITO,221
210001610594,https://divulgacandcontas.tse.jus.br/divulga/#/candidato/2022/2040602022/RS/210001610594,RS,ÁGATA MOSTARDEIRO,13070,DEPUTADO ESTADUAL,PT,SUPLENTE,3226
210001598518,https://divulgacandcontas.tse.jus.br/divulga/#/candidato/2022/2040602022/RS/210001598518,RS,ALICE CARVALHO,50777,DEPUTADO ESTADUAL,PSOL,SUPLENTE,9350
210001621262,https://divulgacandcontas.tse.jus.br/divulga/#/candidato/2022/2040602022/RS/210001621262,RS,ATENA ROVEDA,1221,DEPUTADO FEDERAL,PDT,SUPLENTE,2862
210001596921,https://divulgacandcontas.tse.jus.br/divulga/#/candidato/2022/2040602022/RS/210001596921,RS,ÉMERSON DA COSTA,5025,DEPUTADO FEDERAL,PSOL,SUPLENTE,2706
210001610587,https://divulgacandcontas.tse.jus.br/divulga/#/candidato/2022/2040602022/RS/210001610587,RS,ÌYÁ SANDRALI,13777,DEPUTADO ESTADUAL,PT,SUPLENTE,4219
210001610628,https://divulgacandcontas.tse.jus.br/divulga/#/candidato/2022/2040602022/RS/210001610628,RS,LINS ROBALO,13444,DEPUTADO ESTADUAL,PT,SUPLENTE,5524
210001598511,https://divulgacandcontas.tse.jus.br/divulga/#/candidato/2022/2040602022/RS/210001598511,RS,LUANA ROSA,50800,DEPUTADO ESTADUAL,PSOL,SUPLENTE,919
210001596937,https://divulgacandcontas.tse.jus.br/divulga/#/candidato/2022/2040602022/RS/210001596937,RS,PALOMA DAUDT,5051,DEPUTADO FEDERAL,PSOL,SUPLENTE,708
210001620235,https://divulgacandcontas.tse.jus.br/divulga/#/candidato/2022/2040602022/RS/210001620235,RS,ROGERIO CERATTI,23777,DEPUTADO ESTADUAL,CIDADANIA,SUPLENTE,2292
210001610635,https://divulgacandcontas.tse.jus.br/divulga/#/candidato/2022/2040602022/RS/210001610635,RS,PATRICIA LOUPEE,13223,DEPUTADO ESTADUAL,PT,SUPLENTE,120
210001598514,https://divulgacandcontas.tse.jus.br/divulga/#/candidato/2022/2040602022/RS/210001598514,RS,VANTUIR EMERSON,50250,DEPUTADO ESTADUAL,PSOL,SUPLENTE,537
210001620050,https://divulgacandcontas.tse.jus.br/divulga/#/candidato/2022/2040602022/RS/210001620050,RS,ÉDERSON FERREIRA,4540,DEPUTADO FEDERAL,PSDB,SUPLENTE,640
210001598512,https://divulgacandcontas.tse.jus.br/divulga/#/candidato/2022/2040602022/RS/210001598512,RS,GIOVANNI FERRAZ,50050,DEPUTADO ESTADUAL,PSOL,SUPLENTE,1159
210001604641,https://divulgacandcontas.tse.jus.br/divulga/#/candidato/2022/2040602022/RS/210001604641,RS,DAIANA SANTOS,6565,DEPUTADO FEDERAL,PC DO B,ELEITO POR MÉDIA,88107
210001597021,https://divulgacandcontas.tse.jus.br/divulga/#/candidato/2022/2040602022/RS/210001597021,RS,JUAN SAVEDRA,30030,DEPUTADO ESTADUAL,NOVO,SUPLENTE,4801
210001596929,https://divulgacandcontas.tse.jus.br/divulga/#/candidato/2022/2040602022/RS/210001596929,RS,NATASHA,5010,DEPUTADO FEDERAL,PSOL,SUPLENTE,5925
210001606009,https://divulgacandcontas.tse.jus.br/divulga/#/candidato/2022/2040602022/RS/210001606009,RS,NIKAYA VIDOR,1616,DEPUTADO FEDERAL,PSTU,NÃO ELEITO,538
210001606117,https://divulgacandcontas.tse.jus.br/divulga/#/candidato/2022/2040602022/RS/210001606117,RS,ANA RITA,16016,DEPUTADO ESTADUAL,PSTU,NÃO ELEITO,668
210001614145,https://divulgacandcontas.tse.jus.br/divulga/#/candidato/2022/2040602022/RS/210001614145,RS,JONATAS TEIXEIRA,77428,DEPUTADO ESTADUAL,SOLIDARIEDADE,NÃO ELEITO,51
210001596982,https://divulgacandcontas.tse.jus.br/divulga/#/candidato/2022/2040602022/RS/210001596982,RS,LAÉRCIO ZANCAN - LALÁ,4003,DEPUTADO FEDERAL,PSB,SUPLENTE,3867
210001596938,https://divulgacandcontas.tse.jus.br/divulga/#/candidato/2022/2040602022/RS/210001596938,RS,THAMYRES FILGUEIRA,5001,DEPUTADO FEDERAL,PSOL,SUPLENTE,7348
210001621266,https://divulgacandcontas.tse.jus.br/divulga/#/candidato/2022/2040602022/RS/210001621266,RS,KELLY SILVA,1202,DEPUTADO ESTADUAL,PDT,SUPLENTE,802
210001614117,https://divulgacandcontas.tse.jus.br/divulga/#/candidato/2022/2040602022/RS/210001614117,RS,KAKÁ RIBEIRO,77756,DEPUTADO ESTADUAL,SOLIDARIEDADE,NÃO ELEITO,574
210001596939,https://divulgacandcontas.tse.jus.br/divulga/#/candidato/2022/2040602022/RS/210001596939,RS,PATY REX,5033,DEPUTADO FEDERAL,PSOL,SUPLENTE,894
210001610600,https://divulgacandcontas.tse.jus.br/divulga/#/candidato/2022/2040602022/RS/210001610600,RS,BRUNA E COLETIVO,65065,DEPUTADO ESTADUAL,PCDOB,SUPLENTE,1960
240001679655,https://divulgacandcontas.tse.jus.br/divulga/#/candidato/2022/2040602022/SC/240001679655,SC,DANI COLETIVO JUVENTUDE LULA,13013,DEPUTADO ESTADUAL,PT,SUPLENTE,7752
240001610046,https://divulgacandcontas.tse.jus.br/divulga/#/candidato/2022/2040602022/SC/240001610046,SC,ALEX STEIN,50005,DEPUTADO ESTADUAL,PSOL,SUPLENTE,761
240001645216,https://divulgacandcontas.tse.jus.br/divulga/#/candidato/2022/2040602022/SC/240001645216,SC,CARLA AYRES,1344,DEPUTADO FEDERAL,PT,SUPLENTE,39609
240001610054,https://divulgacandcontas.tse.jus.br/divulga/#/candidato/2022/2040602022/SC/240001610054,SC,ERICK CARDOSO,50022,DEPUTADO ESTADUAL,PSOL,SUPLENTE,804
240001605927,https://divulgacandcontas.tse.jus.br/divulga/#/candidato/2022/2040602022/SC/240001605927,SC,FRANCIEL BRITOS,15888,DEPUTADO ESTADUAL,MDB,SUPLENTE,233
240001604512,https://divulgacandcontas.tse.jus.br/divulga/#/candidato/2022/2040602022/SC/240001604512,SC,NEGA GRAZI,4412,DEPUTADO FEDERAL,UNIÃO,SUPLENTE,1655
240001610059,https://divulgacandcontas.tse.jus.br/divulga/#/candidato/2022/2040602022/SC/240001610059,SC,JAQUELINE PORTO,50047,DEPUTADO ESTADUAL,PSOL,SUPLENTE,145
240001679664,https://divulgacandcontas.tse.jus.br/divulga/#/candidato/2022/2040602022/SC/240001679664,SC,JEAN VOLPATO,13313,DEPUTADO ESTADUAL,PT,SUPLENTE,12499
240001610060,https://divulgacandcontas.tse.jus.br/divulga/#/candidato/2022/2040602022/SC/240001610060,SC,JÉSSICA MICHELS,50180,DEPUTADO ESTADUAL,PSOL,SUPLENTE,2613
240001610082,https://divulgacandcontas.tse.jus.br/divulga/#/candidato/2022/2040602022/SC/240001610082,SC,CAMASÃO,5050,DEPUTADO FEDERAL,PSOL,NÃO ELEITO,12714
240001645214,https://divulgacandcontas.tse.jus.br/divulga/#/candidato/2022/2040602022/SC/240001645214,SC,LIROUS ÁVILA,1303,DEPUTADO FEDERAL,PT,SUPLENTE,7518
240001644419,https://divulgacandcontas.tse.jus.br/divulga/#/candidato/2022/2040602022/SC/240001644419,SC,MARCIANO DA LIGA DE LUTAS,12024,DEPUTADO ESTADUAL,PDT,SUPLENTE,282
240001647260,https://divulgacandcontas.tse.jus.br/divulga/#/candidato/2022/2040602022/SC/240001647260,SC,MARGARETH HERNANDES,40400,DEPUTADO ESTADUAL,PSB,NÃO ELEITO,1792
240001610071,https://divulgacandcontas.tse.jus.br/divulga/#/candidato/2022/2040602022/SC/240001610071,SC,MATHEUS RODRIGUES,50048,DEPUTADO ESTADUAL,PSOL,SUPLENTE,415
240001644407,https://divulgacandcontas.tse.jus.br/divulga/#/candidato/2022/2040602022/SC/240001644407,SC,PAULINHO,12222,DEPUTADO ESTADUAL,PDT,SUPLENTE,464
240001610052,https://divulgacandcontas.tse.jus.br/divulga/#/candidato/2022/2040602022/SC/240001610052,SC,CÍNTIA MANDATA BEM VIVER,50999,DEPUTADO ESTADUAL,PSOL,SUPLENTE,7137
240001647338,https://divulgacandcontas.tse.jus.br/divulga/#/candidato/2022/2040602022/SC/240001647338,SC,DIO ADELINO,77123,DEPUTADO ESTADUAL,SOLIDARIEDADE,NÃO ELEITO,296
240001679629,https://divulgacandcontas.tse.jus.br/divulga/#/candidato/2022/2040602022/SC/240001679629,SC,LARISSA STEPHANIE,65180,DEPUTADO ESTADUAL,PC DO B,SUPLENTE,2395
240001679649,https://divulgacandcontas.tse.jus.br/divulga/#/candidato/2022/2040602022/SC/240001679649,SC,RAFAEL COLETIVO FELIZ DE NOVO,13713,DEPUTADO ESTADUAL,PT,SUPLENTE,1047
240001732331,https://divulgacandcontas.tse.jus.br/divulga/#/candidato/2022/2040602022/SC/240001732331,SC,JO DA COLETIVA REBELDIA,1600,DEPUTADO FEDERAL,PSTU,NÃO ELEITO,424
240001645207,https://divulgacandcontas.tse.jus.br/divulga/#/candidato/2022/2040602022/SC/240001645207,SC,GIOVANA MONDARDO,6565,DEPUTADO FEDERAL,PC DO B,SUPLENTE,38862
240001644395,https://divulgacandcontas.tse.jus.br/divulga/#/candidato/2022/2040602022/SC/240001644395,SC,JANA GUEDES,12555,DEPUTADO ESTADUAL,PDT,SUPLENTE,3984
240001604511,https://divulgacandcontas.tse.jus.br/divulga/#/candidato/2022/2040602022/SC/240001604511,SC,MARIA FERNANDA SANTIAGO,4421,DEPUTADO FEDERAL,UNIÃO,SUPLENTE,1070
240001647245,https://divulgacandcontas.tse.jus.br/divulga/#/candidato/2022/2040602022/SC/240001647245,SC,RAQUEL PECATTO,4050,DEPUTADO FEDERAL,PSB,NÃO ELEITO,507
260001636123,https://divulgacandcontas.tse.jus.br/divulga/#/candidato/2022/2040602022/SE/260001636123,SE,GIGI POETISA,50000,DEPUTADO ESTADUAL,PSOL,SUPLENTE,762
260001636118,https://divulgacandcontas.tse.jus.br/divulga/#/candidato/2022/2040602022/SE/260001636118,SE,LINDA BRASIL,50180,DEPUTADO ESTADUAL,PSOL,ELEITO POR QP,28704
260001618179,https://divulgacandcontas.tse.jus.br/divulga/#/candidato/2022/2040602022/SE/260001618179,SE,ROSA REIS,1030,DEPUTADO FEDERAL,REPUBLICANOS,SUPLENTE,289
260001632571,https://divulgacandcontas.tse.jus.br/divulga/#/candidato/2022/2040602022/SE/260001632571,SE,JENNIFER BOMFIM,8008,DEPUTADO FEDERAL,UP,NÃO ELEITO,643
260001600225,https://divulgacandcontas.tse.jus.br/divulga/#/candidato/2022/2040602022/SE/260001600225,SE,JESSICA FONSECA,45023,DEPUTADO ESTADUAL,PSDB,SUPLENTE,395
250001610030,https://divulgacandcontas.tse.jus.br/divulga/#/candidato/2022/2040602022/SP/250001610030,SP,AGRIPINO MAGALHÃES JUNIOR,15456,DEPUTADO ESTADUAL,MDB,SUPLENTE,1595
250001611761,https://divulgacandcontas.tse.jus.br/divulga/#/candidato/2022/2040602022/SP/250001611761,SP,ALEXYA SALVADOR,13013,DEPUTADO ESTADUAL,PT,SUPLENTE,8359
250001613775,https://divulgacandcontas.tse.jus.br/divulga/#/candidato/2022/2040602022/SP/250001613775,SP,ALICE RIBEIRO,5009,DEPUTADO FEDERAL,PSOL,SUPLENTE,484
250001611762,https://divulgacandcontas.tse.jus.br/divulga/#/candidato/2022/2040602022/SP/250001611762,SP,DEIA ZULU AFROFUTURISTA,13500,DEPUTADO ESTADUAL,PT,SUPLENTE,5651
250001620254,https://divulgacandcontas.tse.jus.br/divulga/#/candidato/2022/2040602022/SP/250001620254,SP,ARIADNA ARANTES,4065,DEPUTADO FEDERAL,PSB,SUPLENTE,4885
250001619362,https://divulgacandcontas.tse.jus.br/divulga/#/candidato/2022/2040602022/SP/250001619362,SP,DIDA COLETIVO EM TODAS LUTAS,50013,DEPUTADO ESTADUAL,PSOL,SUPLENTE,3595
250001619328,https://divulgacandcontas.tse.jus.br/divulga/#/candidato/2022/2040602022/SP/250001619328,SP,PAULA DA BANCADA FEMINISTA,50000,DEPUTADO ESTADUAL,PSOL,ELEITO POR QP,259771
250001619376,https://divulgacandcontas.tse.jus.br/divulga/#/candidato/2022/2040602022/SP/250001619376,SP,CLAUDIA MONTANARI,50001,DEPUTADO ESTADUAL,PSOL,SUPLENTE,1881
250001643629,https://divulgacandcontas.tse.jus.br/divulga/#/candidato/2022/2040602022/SP/250001643629,SP,NEUDES BANCADA TRABALHISTA,12212,DEPUTADO ESTADUAL,PDT,SUPLENTE,3512
250001611780,https://divulgacandcontas.tse.jus.br/divulga/#/candidato/2022/2040602022/SP/250001611780,SP,FRANCISCA BANCADA DA EDUCAÇÃO,65658,DEPUTADO ESTADUAL,PC DO B,SUPLENTE,3903
250001613771,https://divulgacandcontas.tse.jus.br/divulga/#/candidato/2022/2040602022/SP/250001613771,SP,DYEGO SÉRVOLO,5075,DEPUTADO FEDERAL,PSOL,SUPLENTE,1608
250001613814,https://divulgacandcontas.tse.jus.br/divulga/#/candidato/2022/2040602022/SP/250001613814,SP,ERIKA HILTON,5070,DEPUTADO FEDERAL,PSOL,ELEITO POR QP,256903
250001610689,https://divulgacandcontas.tse.jus.br/divulga/#/candidato/2022/2040602022/SP/250001610689,SP,FERNANDA CURTI,1387,DEPUTADO FEDERAL,PT,SUPLENTE,24566
250001620645,https://divulgacandcontas.tse.jus.br/divulga/#/candidato/2022/2040602022/SP/250001620645,SP,IYÁ FERNANDA DE MORAES,40412,DEPUTADO ESTADUAL,PSB,SUPLENTE,385
250001610699,https://divulgacandcontas.tse.jus.br/divulga/#/candidato/2022/2040602022/SP/250001610699,SP,FERNANDA PRADO,1334,DEPUTADO FEDERAL,PT,SUPLENTE,1974
250001619401,https://divulgacandcontas.tse.jus.br/divulga/#/candidato/2022/2040602022/SP/250001619401,SP,GUILHERME CORTEZ,50005,DEPUTADO ESTADUAL,PSOL,ELEITO POR QP,45094
250001613958,https://divulgacandcontas.tse.jus.br/divulga/#/candidato/2022/2040602022/SP/250001613958,SP,HELOIZA RAVASQ,3340,DEPUTADO FEDERAL,PMN,NÃO ELEITO,460
250001619360,https://divulgacandcontas.tse.jus.br/divulga/#/candidato/2022/2040602022/SP/250001619360,SP,PROFESSORA JESSICA MARQUES,50012,DEPUTADO ESTADUAL,PSOL,SUPLENTE,11097
250001619402,https://divulgacandcontas.tse.jus.br/divulga/#/candidato/2022/2040602022/SP/250001619402,SP,JULIO DO QUILOMBO PERIFÉRICO,50020,DEPUTADO ESTADUAL,PSOL,SUPLENTE,13734
250001613760,https://divulgacandcontas.tse.jus.br/divulga/#/candidato/2022/2040602022/SP/250001613760,SP,HENRIQUE PARRA DO CARDUME,5012,DEPUTADO FEDERAL,PSOL,SUPLENTE,6849
250001619348,https://divulgacandcontas.tse.jus.br/divulga/#/candidato/2022/2040602022/SP/250001619348,SP,KEIT LIMA,50300,DEPUTADO ESTADUAL,PSOL,SUPLENTE,36767
250001612101,https://divulgacandcontas.tse.jus.br/divulga/#/candidato/2022/2040602022/SP/250001612101,SP,MÁRCIA ROCHA,2324,DEPUTADO FEDERAL,CIDADANIA,SUPLENTE,2858
250001619382,https://divulgacandcontas.tse.jus.br/divulga/#/candidato/2022/2040602022/SP/250001619382,SP,LENINHA PROFESSORA,50666,DEPUTADO ESTADUAL,PSOL,SUPLENTE,2383
250001643684,https://divulgacandcontas.tse.jus.br/divulga/#/candidato/2022/2040602022/SP/250001643684,SP,MÃE MIRELLE BUENO,12307,DEPUTADO ESTADUAL,PDT,SUPLENTE,418
250001619369,https://divulgacandcontas.tse.jus.br/divulga/#/candidato/2022/2040602022/SP/250001619369,SP,NEON CUNHA,50700,DEPUTADO ESTADUAL,PSOL,SUPLENTE,35111
250001611757,https://divulgacandcontas.tse.jus.br/divulga/#/candidato/2022/2040602022/SP/250001611757,SP,PAOLLA MIGUEL,13199,DEPUTADO ESTADUAL,PT,SUPLENTE,25062
250001613797,https://divulgacandcontas.tse.jus.br/divulga/#/candidato/2022/2040602022/SP/250001613797,SP,PATRICIA ZANELLA,1822,DEPUTADO FEDERAL,REDE,SUPLENTE,3147
250001610680,https://divulgacandcontas.tse.jus.br/divulga/#/candidato/2022/2040602022/SP/250001610680,SP,ATAGIBA,1300,DEPUTADO FEDERAL,PT,SUPLENTE,20066
250001611776,https://divulgacandcontas.tse.jus.br/divulga/#/candidato/2022/2040602022/SP/250001611776,SP,ROZANA BARROSO POVO NO PODER,65013,DEPUTADO ESTADUAL,PC DO B,SUPLENTE,6180
250001613774,https://divulgacandcontas.tse.jus.br/divulga/#/candidato/2022/2040602022/SP/250001613774,SP,SANTO LEGALIZA,5042,DEPUTADO FEDERAL,PSOL,SUPLENTE,5446
250001620625,https://divulgacandcontas.tse.jus.br/divulga/#/candidato/2022/2040602022/SP/250001620625,SP,SHIRLEI MOURA,40665,DEPUTADO ESTADUAL,PSB,SUPLENTE,410
250001620627,https://divulgacandcontas.tse.jus.br/divulga/#/candidato/2022/2040602022/SP/250001620627,SP,SUSY SEVEN,40717,DEPUTADO ESTADUAL,PSB,SUPLENTE,412
250001610644,https://divulgacandcontas.tse.jus.br/divulga/#/candidato/2022/2040602022/SP/250001610644,SP,SYMMY LARRAT,1369,DEPUTADO FEDERAL,PT,SUPLENTE,5400
250001620628,https://divulgacandcontas.tse.jus.br/divulga/#/candidato/2022/2040602022/SP/250001620628,SP,TALITA CADEIRANTE,40012,DEPUTADO ESTADUAL,PSB,SUPLENTE,14971
250001611769,https://divulgacandcontas.tse.jus.br/divulga/#/candidato/2022/2040602022/SP/250001611769,SP,THAINARA FARIA,13016,DEPUTADO ESTADUAL,PT,ELEITO POR QP,91388
250001619331,https://divulgacandcontas.tse.jus.br/divulga/#/candidato/2022/2040602022/SP/250001619331,SP,THÍFANY FÉLIX,18181,DEPUTADO ESTADUAL,REDE,SUPLENTE,455
250001620297,https://divulgacandcontas.tse.jus.br/divulga/#/candidato/2022/2040602022/SP/250001620297,SP,WILLIAM CALLEGARO,4050,DEPUTADO FEDERAL,PSB,SUPLENTE,3921
250001611784,https://divulgacandcontas.tse.jus.br/divulga/#/candidato/2022/2040602022/SP/250001611784,SP,RICARDO CAMPEÃO COLETIVO VERDE,43433,DEPUTADO ESTADUAL,PV,SUPLENTE,2258
250001619355,https://divulgacandcontas.tse.jus.br/divulga/#/candidato/2022/2040602022/SP/250001619355,SP,ADRIANA DO POVO DA CULTURA,50456,DEPUTADO ESTADUAL,PSOL,SUPLENTE,16167
250001619337,https://divulgacandcontas.tse.jus.br/divulga/#/candidato/2022/2040602022/SP/250001619337,SP,THALITA TAVARES,50180,DEPUTADO ESTADUAL,PSOL,SUPLENTE,2777
250001619359,https://divulgacandcontas.tse.jus.br/divulga/#/candidato/2022/2040602022/SP/250001619359,SP,PROFESSOR JUCA,50800,DEPUTADO ESTADUAL,PSOL,SUPLENTE,2786
250001643636,https://divulgacandcontas.tse.jus.br/divulga/#/candidato/2022/2040602022/SP/250001643636,SP,REBECCA BARBOSA,12456,DEPUTADO ESTADUAL,PDT,SUPLENTE,3002
250001610690,https://divulgacandcontas.tse.jus.br/divulga/#/candidato/2022/2040602022/SP/250001610690,SP,JACQUE CHANEL,1384,DEPUTADO FEDERAL,PT,SUPLENTE,489
250001606259,https://divulgacandcontas.tse.jus.br/divulga/#/candidato/2022/2040602022/SP/250001606259,SP,GORETE SILVA,77134,DEPUTADO ESTADUAL,SOLIDARIEDADE,SUPLENTE,527
250001610027,https://divulgacandcontas.tse.jus.br/divulga/#/candidato/2022/2040602022/SP/250001610027,SP,PROF ADRIANA VASCONCELLOS,15556,DEPUTADO ESTADUAL,MDB,SUPLENTE,3766
250001643597,https://divulgacandcontas.tse.jus.br/divulga/#/candidato/2022/2040602022/SP/250001643597,SP,MARIA EUGENIA BIFFI,12016,DEPUTADO ESTADUAL,PDT,SUPLENTE,3217
250001723577,https://divulgacandcontas.tse.jus.br/divulga/#/candidato/2022/2040602022/SP/250001723577,SP,URIÃ FANCELLI,19020,DEPUTADO ESTADUAL,PODE,SUPLENTE,9341
250001611822,https://divulgacandcontas.tse.jus.br/divulga/#/candidato/2022/2040602022/SP/250001611822,SP,JOEL JUNIOR,43773,DEPUTADO ESTADUAL,PV,SUPLENTE,610
250001611539,https://divulgacandcontas.tse.jus.br/divulga/#/candidato/2022/2040602022/SP/250001611539,SP,MANDI MULHERES EM REBELDIA,16123,DEPUTADO ESTADUAL,PSTU,NÃO ELEITO,751
250001643641,https://divulgacandcontas.tse.jus.br/divulga/#/candidato/2022/2040602022/SP/250001643641,SP,PROF. RAFAEL PURGATO,12720,DEPUTADO ESTADUAL,PDT,SUPLENTE,2202
250001619375,https://divulgacandcontas.tse.jus.br/divulga/#/candidato/2022/2040602022/SP/250001619375,SP,PROFESSORA JACI TODAS AS LUTAS,50088,DEPUTADO ESTADUAL,PSOL,SUPLENTE,839
250001643732,https://divulgacandcontas.tse.jus.br/divulga/#/candidato/2022/2040602022/SP/250001643732,SP,ABNER TOFANELLI,1250,DEPUTADO FEDERAL,PDT,NÃO ELEITO,13215
250001611767,https://divulgacandcontas.tse.jus.br/divulga/#/candidato/2022/2040602022/SP/250001611767,SP,DUDA HIDALGO,13180,DEPUTADO ESTADUAL,PT,SUPLENTE,49656
250001613806,https://divulgacandcontas.tse.jus.br/divulga/#/candidato/2022/2040602022/SP/250001613806,SP,WALTECY,5077,DEPUTADO FEDERAL,PSOL,SUPLENTE,1635
250001611756,https://divulgacandcontas.tse.jus.br/divulga/#/candidato/2022/2040602022/SP/250001611756,SP,MIRIAM ALGARRA,13360,DEPUTADO ESTADUAL,PT,SUPLENTE,6270
250001620282,https://divulgacandcontas.tse.jus.br/divulga/#/candidato/2022/2040602022/SP/250001620282,SP,CABO ROSSI,4090,DEPUTADO FEDERAL,PSB,SUPLENTE,1458
250001611235,https://divulgacandcontas.tse.jus.br/divulga/#/candidato/2022/2040602022/SP/250001611235,SP,LÉO AQUILLA,1501,DEPUTADO FEDERAL,MDB,SUPLENTE,16678
250001619379,https://divulgacandcontas.tse.jus.br/divulga/#/candidato/2022/2040602022/SP/250001619379,SP,MONICA DO MOVIMENTO PRETAS,50900,DEPUTADO ESTADUAL,PSOL,ELEITO POR QP,106781
250001611257,https://divulgacandcontas.tse.jus.br/divulga/#/candidato/2022/2040602022/SP/250001611257,SP,CINTIA RAMOS,1595,DEPUTADO FEDERAL,MDB,SUPLENTE,616
270001620124,https://divulgacandcontas.tse.jus.br/divulga/#/candidato/2022/2040602022/TO/270001620124,TO,EUTÁLIA POVO DE LUTA,13013,DEPUTADO ESTADUAL,PT,SUPLENTE,4050
270001676174,https://divulgacandcontas.tse.jus.br/divulga/#/candidato/2022/2040602022/TO/270001676174,TO,THAMIRES DO COLETIVO SOMOS,4080,DEPUTADO FEDERAL,PSB,NÃO ELEITO,2530
270001676095,https://divulgacandcontas.tse.jus.br/divulga/#/candidato/2022/2040602022/TO/270001676095,TO,PEARA DO COLETIVO SOMOS,40180,DEPUTADO ESTADUAL,PSB,SUPLENTE,1754
